RENDER_ID,RENDER_TYPE,RANDER_PAGE_NAME,RANDER_CONTENT,FOLDER_ID,VERSION_NO,APP_ID,ADD_TIME,ADDER_NO,ADDER_NAME,UPDATE_TIME,UPDATER_NO,UPDATER_NAME,STYLE_ID,TERMINAL_TYPE
"42464","1","view_default.html","[@phoenix_component settingId=""${settingId!''}"" relationCommonId=""${relationCommonId!''}""]
<div class=""backstage-stwidgets-settingwrap"" scope=""${scope}"" settingId=""${settingId!''}"" id=""component_${settingId!''}"" relationCommonId=""${relationCommonId!''}"" classAttr=""${component.widgetClass}"">
	<div class=""sitewidget-videocategory category-default-simple ${component.widgetClass}"">
		[#if !phoenix_method_isFresh(component.componentAlias!,settingId!,component.componentUpdateVersion!)]
			[#include ""style.html"" /]
		[/#if]
		[#if component.componentTitle??]
		<div class=""sitewidget-hd"">
			[#-- ==组件标题块==   如果没有componentTitle参数，请删除这段 [#if] --]
			<h2>
				<strong>${component.componentTitle!?html}</strong>
			</h2>
		</div>
		[/#if]
		<div class=""sitewidget-bd"">
			[@web_backend]
			<a class=""hide"" href=""javascript:;"">&nbsp;</a>
			[/@web_backend]
			[@table_select showType=""2"" selectCateIds=""${component.videoCate_ids!''}"" serviceName=""phoenixFrontemdVideoService"" selectVideoCateType=""${component.selectVideoCateType!'0'}"" videoGroupId=""${infoGroupId!''}""]
			[#assign cateStyle=""with-submenu""]
			[#assign firstUlStyle=""slight-submenu-wrap""]
			[#assign cateUlId=""""]
			[#assign cateStyle=""submenu-default-simple""]
			<ul id=""${cateUlId}"" class=""${cateStyle} ${firstUlStyle}"">
				[#if table_data??]
					[#list table_data as cate]
						[#if infoGroupId?? && cate.videoGroupId?? && infoGroupId = cate.videoGroupId ]
						<li class=""artLi on"">
						[#else]
						<li class=""artLi"">
						[/#if]
							[#if component.cateShowStyle?? && component.cateShowStyle == '7'] [#-- 风格7: 一级带点无边框 --]
							<a href=""${cate.groupUrl}"" title=""${cate.groupName!?html}"">${cate.groupName!?html}</a>
							<i class=""list-mid-dot""></i>
							[#else]
							<a href=""${cate.groupUrl}"" title=""${cate.groupName!?html}"">${cate.groupName!?html}</a>
							[/#if]

							[#if cate.hasSub?? == true] [#-- 二级菜单 --]
							  [#if component.cateShowStyle?? && component.cateShowStyle != '0']
							      [#if component.cateShowStyle != '5' && component.cateShowStyle != '6' &&  component.cateShowStyle != '7']
									  <ul>
								  [#else]
						  			  <ul class=""${cateStyle}"">
						  		  [/#if]
							  [#else]
							  	<ul class=""${cateStyle}"">
							  [/#if]
									[#list cate.subGroups as subCate]
										[#if infoGroupId?? && subCate.videoGroupId?? && infoGroupId = subCate.videoGroupId ]
										<li class=""artLi on"">
										[#else]
										<li class=""artLi"">
										[/#if]
											<a href=""${subCate.groupUrl}"" title=""${subCate.groupName!?html}"">${subCate.groupName!?html}</a>
											[#if subCate.hasSub?? == true] [#-- 三级菜单 --]
												[#if component.cateShowStyle?? && component.cateShowStyle != '0']
													[#if component.cateShowStyle != '5' && component.cateShowStyle != '6' &&  component.cateShowStyle != '7']
													  <ul>
													[#else]
											  		    <ul class=""${cateStyle}"">
											  		[/#if]
												[#else]
												  	<ul class=""${cateStyle}"">
												[/#if]
													[#list subCate.subGroups as subSubCate]
													[#if infoGroupId?? && subSubCate.videoGroupId?? && infoGroupId = subSubCate.videoGroupId ]
													<li class=""artLi on"">
													[#else]
													<li class=""artLi"">
													[/#if]
														<a href=""${subSubCate.groupUrl}"" title=""${subSubCate.groupName!?html}"">${subSubCate.groupName!?html}</a>
													</li>
													[/#list]
												</ul>
											[/#if]
										</li>
									[/#list]
								</ul>
							[/#if]
						</li>
					[/#list]
				[#else]
					[@web_backend]
						[@phoenix_directive_i18n code=""component_cont_txt_video_cate"" es=""false"" txt=""<p>请进入“内容”》“视频管理”》“添加视频分类”，进行视频分类数据的添加，添加好的视频分类会自动展示出来。</p>""/]
					[/@web_backend]
				[/#if]
			</ul>
			[/@table_select]
		</div>
	</div>
	
	<span class=""t-radius""></span>
	<span class=""b-radius""></span>
	[@phoenix_directive_phoenix_excludePageStatic]
		[@web_javascript collect=""true"" pm_script=""${component.widgetClass!}"" jumpTo=""${settingId!}""]
			$(function(){
				[#--//目录导航折叠效果--]
				function videocategoryThumbToggle(_obj){
					$(_obj + "" .sitewidget-hd"").unbind(""click"").bind(""click"", function(){
						if ($(_obj + "" .sitewidget-bd"").css(""display"") == ""none"" || $(_obj + "" .sitewidget-bd"").hasClass(""displayed"")) {
							if ($(_obj + "" .sitewidget-bd"").is("":hidden"")) {
								$(this).find("".sitewidget-thumb"").removeClass(""todown"").addClass(""toup"");
							}
							else {
								$(this).find("".sitewidget-thumb"").removeClass(""toup"").addClass(""todown"");
							}
							$(_obj + "" .sitewidget-bd"").slideToggle().toggleClass(""displayed"");
							// $(this).find("".sitewidget-thumb"").toggleClass(""closed"");
						}
					});
				}
				
			    videocategoryThumbToggle("".${component.widgetClass}"");
				[#if component.videoCatebtnOpenStyle?? && component.videoCatebtnOpenStyle == ""0"" && (component.cateShowStyle == '6' || component.cateShowStyle == '7')]
				$("".${component.widgetClass} .artLi.on"").parents("".artLi"").each(function(){
					$(this).addClass(""on"");
				})
				[/#if]
			})
		[/@web_javascript]
	[/@phoenix_directive_phoenix_excludePageStatic]
	[@phoenix_directive_phoenix_excludePageStatic]
		[@web_javascript collect=""true"" pm_script=""${component.widgetClass!}"" jumpTo=""${settingId!}""]
			(function(window, $, undefined){
				$(function(){
					[#if !component.cateShowStyle?? || component.cateShowStyle == '7']
						$('.${component.widgetClass} .with-submenu,.${component.widgetClass} .submenu-default-gray').slightSubmenu({buttonActivateEvents: 'click click',submenuOpeneTime:400});
						$('.${component.widgetClass} .submenu-default-simple').slightSubmenu({buttonActivateEvents: 'click click',submenuOpeneTime:10});
						[#if component.videoCatebtnOpenStyle?? && component.videoCatebtnOpenStyle != ""0"" && component.cateShowStyle == '7'] [#-- 风格7 --]
							[#--设置菜单展开效果--]
							[#if component.videoCatebtnOpenStyle == ""1""]
								var showList = $('.${component.widgetClass} .submenu-default-simple').find("">.li-with-ul"");
							[#elseif component.videoCatebtnOpenStyle == ""2""]
								var showList = $('.${component.widgetClass} .sitewidget-bd > .submenu-default-simple').find("">.li-with-ul"");
							[/#if]
							showList.addClass(""submenuUlShow"").find("">.slight-submenu-button"").addClass(""opened"");
							showList.find("">ul"").show();
						[/#if]
					[/#if]
				});
				[#--点击链接后展开二级组--]
				$(function() {
					var subListOn = $("".${component.widgetClass} .slight-submenu-wrap ul .on"");
					if(subListOn.length){
						subListOn.parent().show();
						subListOn.parent().siblings("".slight-submenu-button"").addClass(""opened"");
					}
				});
			})(window, jQuery);
		[/@web_javascript]
		[#include ""/phoenix/lab/component_labjs_include.html"" /]
	[/@phoenix_directive_phoenix_excludePageStatic]
[#-- 后台组件包裹框注册.script节点一定要在组件div内--]
[@web_backend]
	[@web_javascript]
		(function(window,jQuery,undefined){
			// 组件包裹框注册
			$(function(){
				$_phoenix.pagefunc.component_management.setup('${settingId!''}',{title: '[@phoenix_directive_i18n code=""component_alias_name_${component.componentAlias!}"" txt=""${component.componentName!}""/]'});
			});
		})(window,jQuery)
	[/@web_javascript]
[/@web_backend]
</div>
[/@phoenix_component]","-1","20200514190645","11254","2020-05-14 16:38:04","429524","易永杰","2020-05-14 19:06:01","429524","易永杰","-1","0"
"53504","1","view_default.html","[@web_depand_component_sourceMap uuid=""${component.componentAlias!}${settingId!}"" componentAlias=""${component.componentAlias!''}"" /]
<div class=""asd"" style=""display:none""></div>
<div class=""backstage-stwidgets-settingwrap"" scope=""${scope}"" settingId=""${settingId!''}"" id=""component_${settingId!''}"" relationCommonId=""${relationCommonId!''}"" classAttr=""${component.widgetClass}"">
	<div class=""sitewidget-video_detail ${component.widgetClass}"">
		<div class=""sitewidget-hd""><h2>${component.componentTitle!?html}</h2></div>
		<div  class=""sitewidget-bd"">
			[@table_select showType=""1""  serviceName=""phoenixFrontemdVideoService"" videoId=""${videoId!''}""]
                [#if table_data??]
                <div class=""video_detail"">
                      <div class=""video_detail_paly"">
                        [#if table_data.contents??]
                            [#list table_data.contents as cate]
                            <div class=""video_detail_palying"">
                                [#if cate.videoId?? && cate.videoId == '']
                                    <iframe class=""iframe_detail_palying_src"" src='${table_data.thirdPartyLink!''}' frameborder=""0"" scrolling=""no"" height=""500px"" width=""100%""></iframe>
                                [#else]
                                    <video class=""video_detail_palying_src"" controls="""" name=""media"" src=""""></video>
                                [/#if]
                                    
                                    
                            </div>
                            <div class=""video_detail_name"">${cate.name!''}</div>
                            <div class=""video_detail_desc"">${cate.desc!''}</div>
                            <div class=""video_detail_desc"">${cate.id!''}</div>
                            [/#list]
                        [/#if]
                        </div>
                </div>
                [#else]
                    [@web_backend]
            			[@s.m ""FLKpUAfANfAg_component_cont_txt_video_detail1"" /]
                    [/@web_backend]
                [/#if]

            	[#-- 视频详情结构化数据 --]
            	<script type=""application/ld+json"">JSONLD</script>
            	[@web_frontend]
                    [@web_javascript]   
                        (function(window,$,undefined){
                            $(function(){
                                if('${table_data.contents[0].videoId!''}' == ''){
                                    $('#'+'component_${settingId!''}').find("".iframe_detail_palying_src"").css('max-width','960px')
                                    $('#'+'component_${settingId!''}').find("".iframe_detail_palying_src"").css('max-height','540px')
                                    $('#'+'component_${settingId!''}').find("".iframe_detail_palying_src"").css('min-height','400px')
                                    $('#'+'component_${settingId!''}').find("".iframe_detail_palying_src"").css('width','100%')
                                    return false;
                                }else{
                                    <!-- console.log(""${table_data.contents[0].videoId!''}"",'loacalVideoSrc') -->
                                    <!-- phoenixSite.videoDetail.videoUrl('${table_data.contents[0].videoId!''}','upload'); -->
                                    <!-- console.log('loacalVideoSrccccccccccc') -->

                                    $('#'+'component_${settingId!''}').find("".iframe_detail_palying_src"").hide()
                                    var url = ' /phoenix/admin/video/url?photoId=' + '${table_data.contents[0].videoId!''}';
                                    $.ajax({
                                        url: url,
                                        type: 'get',
                                        success: function(xhr) {
                                            var data = JSON.parse(xhr);
                                            $('#'+'component_${settingId!''}').find("".video_detail_palying_src"").each(function() {
                                                <!-- console.log(data.video_url, 'local') -->
                                                if (data.video_url) {
                                                    var httpU1 = data.video_url.substring(0, 2);
                                                    var httpU2 = data.video_url.substring(0, 4);
                                                    var httpU3 = data.video_url.substring(0, 5);
                                                    if (httpU1 == '//' || 'http' == httpU2 || 'https' == httpU3) {
                                                        $(this).attr('src', data.video_url);
                                                    } else {
                                                        $(this).attr('src', '//' + data.video_url);
                                                    }
                                                }
                                            });
                                        }
                                    });
                                    return false;
                                }
                                
                            });
                        })(window,jQuery)
                    [/@web_javascript]
            	[/@web_frontend]
			[/@table_select]
            
		</div>
	</div>
	[#-- 后台组件包裹框注册.script节点一定要在组件div内--]
	[@web_backend]
		[@web_javascript auto_delete='false']
			(function(window,jQuery,undefined){
				// 组件包裹框注册
				$(function(){
					$_phoenix.pagefunc.component_management.setup('${settingId!''}',{title: '[@phoenix_directive_i18n code=""component_alias_name_${component.videoDetail!}"" txt=""${component.componentName!}""/]'});
				});
			})(window,jQuery)
		[/@web_javascript]
	[/@web_backend]
</div>","-1","20200924210613","3001","2018-09-11 16:37:01","183491","demo-guoxiaotian","2020-09-24 14:56:25","7301334","陶力","-1","0"
"74364","1","view_default.html","[@web_depand_component_sourceMap uuid=""${component.componentAlias!}${settingId!}"" componentAlias=""${component.componentAlias!''}"" /]
<div class=""asd"" style=""display:none""></div>
<div class=""backstage-stwidgets-settingwrap"" scope=""${scope}"" settingId=""${settingId!''}"" id=""component_${settingId!''}"" relationCommonId=""${relationCommonId!''}"" classAttr=""${component.widgetClass}"">
	<div class=""sitewidget-video_detail ${component.widgetClass}"">
		<div class=""sitewidget-hd""><h2>${component.componentTitle!?html}</h2></div>
		<div  class=""sitewidget-bd"">
			[@table_select showType=""1""  serviceName=""phoenixFrontemdVideoService"" videoId=""${videoId!''}""]
                [#if table_data??]
                <div class=""video_detail"">
                      <div class=""video_detail_paly"">
                        [#if table_data.contents??]
                            [#list table_data.contents as cate]
                            <div class=""video_detail_palying"">
                                [#if cate.videoId?? && cate.videoId == '']
                                    <iframe class=""iframe_detail_palying_src"" src='${table_data.thirdPartyLink!''}' frameborder=""0"" scrolling=""no"" height=""500px"" width=""100%""></iframe>
                                [#else]
                                    <video id=""video_detail_play_${cate_index}"" class=""video_detail_palying_src video-js"" controls="""" name=""media"" src=""""></video>
                                [/#if]
                                    
                                    
                            </div>
                            <div class=""video_detail_name"">${cate.name!''}</div>
                            <div class=""video_detail_desc"">${cate.desc!''}</div>
                            <div class=""video_detail_desc"">${cate.id!''}</div>
                            [/#list]
                        [/#if]
                        </div>
                </div>
                [#else]
                    [@web_backend]
            			[@s.m ""FLKpUAfANfAg_component_cont_txt_video_detail1"" /]
                    [/@web_backend]
                [/#if]

            	[#-- 视频详情结构化数据 --]
            	<script type=""application/ld+json"">JSONLD</script>
            	[@web_frontend]
                    [@web_javascript]   
                        (function(window,$,undefined){
                            $(function(){
                                if('${table_data.contents[0].videoId!''}' == ''){
                                    $('#'+'component_${settingId!''}').find("".iframe_detail_palying_src"").css('max-width','960px')
                                    $('#'+'component_${settingId!''}').find("".iframe_detail_palying_src"").css('max-height','540px')
                                    $('#'+'component_${settingId!''}').find("".iframe_detail_palying_src"").css('min-height','400px')
                                    $('#'+'component_${settingId!''}').find("".iframe_detail_palying_src"").css('width','100%')
                                    return false;
                                }else{
                                    <!-- console.log(""${table_data.contents[0].videoId!''}"",'loacalVideoSrc') -->
                                    <!-- phoenixSite.videoDetail.videoUrl('${table_data.contents[0].videoId!''}','upload'); -->
                                    <!-- console.log('loacalVideoSrccccccccccc') -->

                                    $('#'+'component_${settingId!''}').find("".iframe_detail_palying_src"").hide()
                                    var url = ' /phoenix/admin/video/url?photoId=' + '${table_data.contents[0].videoId!''}';
                                    $.ajax({
                                        url: url,
                                        type: 'get',
                                        success: function(xhr) {
                                            var data = JSON.parse(xhr);
                                            $('#'+'component_${settingId!''}').find("".video_detail_palying_src"").each(function(i) {
                                                
                                                if (data.video_url) {
                                                    var httpU1 = data.video_url.substring(0, 2);
                                                    var httpU2 = data.video_url.substring(0, 4);
                                                    var httpU3 = data.video_url.substring(0, 5);
                                                    if (httpU1 == '//' || 'http' == httpU2 || 'https' == httpU3) {
                                                        
                                                        $(this).attr('src', data.video_url);
                                                        
                                                    } else {
                                                        $(this).attr('src', '//' + data.video_url);
                                                    }
                                                    var video_type = 'video/mp4';
                                                    if(data.video_url.indexOf('mediaType=m3u8') > -1){
                                                        video_type = 'application/x-mpegURL';
                                                    }
                                                    videojs('#video_detail_play_'+i,{
                                                        muted:'muted',
                                                        sources:[{
                                                            src:data.video_url,
                                                            type:video_type
                                                        }]
                                                    })
                                                }
                                            });
                                        }
                                    });
                                    return false;
                                }
                                
                            });
                        })(window,jQuery)
                    [/@web_javascript]
            	[/@web_frontend]
			[/@table_select]
            
		</div>
	</div>
	[#-- 后台组件包裹框注册.script节点一定要在组件div内--]
	[@web_backend]
		[@web_javascript auto_delete='false']
			(function(window,jQuery,undefined){
				// 组件包裹框注册
				$(function(){
					$_phoenix.pagefunc.component_management.setup('${settingId!''}',{title: '[@phoenix_directive_i18n code=""component_alias_name_${component.videoDetail!}"" txt=""${component.componentName!}""/]'});
				});
			})(window,jQuery)
		[/@web_javascript]
	[/@web_backend]
</div>","-1","20210119173342","3001","2018-09-11 16:37:01","183491","demo-guoxiaotian","2021-01-18 11:21:34","175541","刘佳","-1","0"
"87654","1","view_default.html","[@web_depand_component_sourceMap uuid=""${component.componentAlias!}${settingId!}"" componentAlias=""${component.componentAlias!''}"" /]
<div class=""asd"" style=""display:none""></div>
<div class=""backstage-stwidgets-settingwrap"" scope=""${scope}"" settingId=""${settingId!''}"" id=""component_${settingId!''}"" relationCommonId=""${relationCommonId!''}"" classAttr=""${component.widgetClass}"">
	<div class=""sitewidget-video_detail ${component.widgetClass}"">
		<div class=""sitewidget-hd""><h2>${component.componentTitle!?html}</h2></div>
		<div  class=""sitewidget-bd"">
			[@table_select showType=""1""  serviceName=""phoenixFrontemdVideoService"" videoId=""${videoId!''}""]
                [#if table_data??]
                <div class=""video_detail"">
                      <div class=""video_detail_paly"">
                        [#if table_data.contents??]
                            [#list table_data.contents as cate]
                            <div class=""video_detail_palying"">
                                [#if cate.videoId?? && cate.videoId == '']
                                    <iframe class=""iframe_detail_palying_src"" src='${table_data.thirdPartyLink!''}' frameborder=""0"" scrolling=""no"" height=""500px"" width=""100%""></iframe>
                                [#else]
                                    <video id=""video_detail_play_${cate_index}"" class=""video_detail_palying_src video-js"" controls="""" name=""media"" src=""""></video>
                                [/#if]
                                    
                                    
                            </div>
                            <div class=""video_detail_name"">${cate.name!''}</div>
                            <div class=""video_detail_desc"">${cate.desc!''}</div>
                            <div class=""video_detail_desc"">${cate.id!''}</div>
                            [/#list]
                        [/#if]
                        </div>
                </div>
                [#else]
                    [@web_backend]
            			[@s.m ""FLKpUAfANfAg_component_cont_txt_video_detail1"" /]
                    [/@web_backend]
                [/#if]

            	[#-- 视频详情结构化数据 --]
            	<script type=""application/ld+json"">${JSONLD!''}</script>
            	[@web_frontend]
                    [@web_javascript]   
                        (function(window,$,undefined){
                            $(function(){
                                if('${table_data.contents[0].videoId!''}' == ''){
                                    $('#'+'component_${settingId!''}').find("".iframe_detail_palying_src"").css('max-width','960px')
                                    $('#'+'component_${settingId!''}').find("".iframe_detail_palying_src"").css('max-height','540px')
                                    $('#'+'component_${settingId!''}').find("".iframe_detail_palying_src"").css('min-height','400px')
                                    $('#'+'component_${settingId!''}').find("".iframe_detail_palying_src"").css('width','100%')
                                    return false;
                                }else{
                                    <!-- console.log(""${table_data.contents[0].videoId!''}"",'loacalVideoSrc') -->
                                    <!-- phoenixSite.videoDetail.videoUrl('${table_data.contents[0].videoId!''}','upload'); -->
                                    <!-- console.log('loacalVideoSrccccccccccc') -->

                                    $('#'+'component_${settingId!''}').find("".iframe_detail_palying_src"").hide()
                                    var url = ' /phoenix/admin/video/url?photoId=' + '${table_data.contents[0].videoId!''}';
                                    $.ajax({
                                        url: url,
                                        type: 'get',
                                        success: function(xhr) {
                                            var data = JSON.parse(xhr);
                                            $('#'+'component_${settingId!''}').find("".video_detail_palying_src"").each(function(i) {
                                                
                                                if (data.video_url) {
                                                    var httpU1 = data.video_url.substring(0, 2);
                                                    var httpU2 = data.video_url.substring(0, 4);
                                                    var httpU3 = data.video_url.substring(0, 5);
                                                    if (httpU1 == '//' || 'http' == httpU2 || 'https' == httpU3) {
                                                        
                                                        $(this).attr('src', data.video_url);
                                                        
                                                    } else {
                                                        $(this).attr('src', '//' + data.video_url);
                                                    }
                                                    var video_type = 'video/mp4';
                                                    if(data.video_url.indexOf('mediaType=m3u8') > -1){
                                                        video_type = 'application/x-mpegURL';
                                                    }
                                                    videojs('#video_detail_play_'+i,{
                                                        muted:'muted',
                                                        sources:[{
                                                            src:data.video_url,
                                                            type:video_type
                                                        }]
                                                    })
                                                }
                                            });
                                        }
                                    });
                                    return false;
                                }
                                
                            });
                        })(window,jQuery)
                    [/@web_javascript]
            	[/@web_frontend]
			[/@table_select]
            
		</div>
	</div>
	[#-- 后台组件包裹框注册.script节点一定要在组件div内--]
	[@web_backend]
		[@web_javascript auto_delete='false']
			(function(window,jQuery,undefined){
				// 组件包裹框注册
				$(function(){
					$_phoenix.pagefunc.component_management.setup('${settingId!''}',{title: '[@phoenix_directive_i18n code=""component_alias_name_${component.videoDetail!}"" txt=""${component.componentName!}""/]'});
				});
			})(window,jQuery)
		[/@web_javascript]
	[/@web_backend]
</div>","-1","20210401174220","3001","2018-09-11 16:37:01","183491","demo-guoxiaotian","2021-04-01 17:41:52","429524","易永杰","-1","0"
"87894","1","view_default.html","[@phoenix_component settingId=""${settingId!''}"" relationCommonId=""${relationCommonId!''}""]
<div class=""backstage-stwidgets-settingwrap"" scope=""${scope}"" settingId=""${settingId!''}"" id=""component_${settingId!''}"" relationCommonId=""${relationCommonId!''}"" classAttr=""${component.widgetClass}"">
	<div class=""sitewidget-videocategory category-default-simple ${component.widgetClass}"">
		[#if !phoenix_method_isFresh(component.componentAlias!,settingId!,component.componentUpdateVersion!)]
			[#include ""style.html"" /]
		[/#if]
		[#if component.componentTitle??]
		<div class=""sitewidget-hd"">
			[#-- ==组件标题块==   如果没有componentTitle参数，请删除这段 [#if] --]
			<h2>
				<strong>${component.componentTitle!?html}</strong>
			</h2>
		</div>
		[/#if]
		<div class=""sitewidget-bd"">
			[@web_backend]
			<a class=""hide"" href=""javascript:;"">&nbsp;</a>
			[/@web_backend]
			[@table_select showType=""2"" selectCateIds=""${component.videoCate_ids!''}"" serviceName=""phoenixFrontemdVideoService"" selectVideoCateType=""${component.selectVideoCateType!'0'}"" videoGroupId=""${infoGroupId!''}""]
			[#assign cateStyle=""with-submenu""]
			[#assign firstUlStyle=""slight-submenu-wrap""]
			[#assign cateUlId=""""]
			[#assign cateStyle=""submenu-default-simple""]

			<ul id=""${cateUlId}"" class=""${cateStyle} ${firstUlStyle}"">
				<!-- 风格展示  -->
				[#if component.cateShowStyle?? && component.cateShowStyle == '7'] 
					[#include ""cateShowStyle7.html""]
				[/#if]
				[#if component.cateShowStyle?? && component.cateShowStyle == '11'] 
					[#include ""cateShowStyle11.html""]
					[#include ""style11.css""]
				[/#if]
				[#if component.cateShowStyle?? && component.cateShowStyle == '14']
					[#include ""cateShowStyle14.html""]
				[/#if]
				<!-- 风格展示  -->
			</ul>
			[/@table_select]
		</div>
	</div>
	
	<span class=""t-radius""></span>
	<span class=""b-radius""></span>
	[@phoenix_directive_phoenix_excludePageStatic]
		[@web_javascript collect=""true"" pm_script=""${component.widgetClass!}"" jumpTo=""${settingId!}""]
			$(function(){
				[#--//目录导航折叠效果--]
				function videocategoryThumbToggle(_obj){
					$(_obj + "" .sitewidget-hd"").unbind(""click"").bind(""click"", function(){
						if ($(_obj + "" .sitewidget-bd"").css(""display"") == ""none"" || $(_obj + "" .sitewidget-bd"").hasClass(""displayed"")) {
							if ($(_obj + "" .sitewidget-bd"").is("":hidden"")) {
								$(this).find("".sitewidget-thumb"").removeClass(""todown"").addClass(""toup"");
							}
							else {
								$(this).find("".sitewidget-thumb"").removeClass(""toup"").addClass(""todown"");
							}
							$(_obj + "" .sitewidget-bd"").slideToggle().toggleClass(""displayed"");
							// $(this).find("".sitewidget-thumb"").toggleClass(""closed"");
						}
					});
				}
				
			    videocategoryThumbToggle("".${component.widgetClass}"");
				[#if component.videoCatebtnOpenStyle??]
				$("".${component.widgetClass} .artLi.on"").parents("".artLi"").each(function(){
					$(this).addClass(""on"");
				})
				[/#if]
			})
		[/@web_javascript]
	[/@phoenix_directive_phoenix_excludePageStatic]
	[@phoenix_directive_phoenix_excludePageStatic]
	[#--设置菜单展开效果--]
		[@web_javascript collect=""true"" pm_script=""${component.widgetClass!}"" jumpTo=""${settingId!}""]
			(function(window, $, undefined){
				$(function(){
					[#if !component.cateShowStyle?? || component.cateShowStyle == '7' || component.cateShowStyle == '11' || component.cateShowStyle == '14']
						$('.${component.widgetClass} .with-submenu,.${component.widgetClass} .submenu-default-gray').slightSubmenu({buttonActivateEvents: 'click click',submenuOpeneTime:400});
						$('.${component.widgetClass} .submenu-default-simple').slightSubmenu({buttonActivateEvents: 'click click',submenuOpeneTime:10});
						[#if component.videoCatebtnOpenStyle?? && component.videoCatebtnOpenStyle != ""0""] 
							[#--设置菜单展开效果--]
							[#if component.videoCatebtnOpenStyle == ""1""]
								var showList = $('.${component.widgetClass} .submenu-default-simple').find("">.li-with-ul"");
							[#elseif component.videoCatebtnOpenStyle == ""2""]
								var showList = $('.${component.widgetClass} .sitewidget-bd > .submenu-default-simple').find("">.li-with-ul"");
							[/#if]
							showList.addClass(""submenuUlShow"").find("">.slight-submenu-button"").addClass(""opened"");
							showList.find("">ul"").show();
						[/#if]
					[/#if]
				});
				[#--点击链接后展开二级组--]
				$(function() {
					var subListOn = $("".${component.widgetClass} .slight-submenu-wrap ul .on"");
					if(subListOn.length){
						subListOn.parent().show();
						subListOn.parent().siblings("".slight-submenu-button"").addClass(""opened"");
					}
				});
			})(window, jQuery);
		[/@web_javascript]
		[#--设置菜单展开效果--]
		[#include ""/phoenix/lab/component_labjs_include.html"" /]
	[/@phoenix_directive_phoenix_excludePageStatic]
[#-- 后台组件包裹框注册.script节点一定要在组件div内--]
[@web_backend]
	[@web_javascript]
		(function(window,jQuery,undefined){
			// 组件包裹框注册
			$(function(){
				$_phoenix.pagefunc.component_management.setup('${settingId!''}',{title: '[@phoenix_directive_i18n code=""component_alias_name_${component.componentAlias!}"" txt=""${component.componentName!}""/]'});
			});
		})(window,jQuery)
	[/@web_javascript]
[/@web_backend]
</div>
[/@phoenix_component]","-1","20210407144245","11254","2020-05-14 16:38:04","429524","易永杰","2021-04-06 16:27:09","7310394","王成强","-1","0"
"93614","1","view_default.html","[@web_depand_component_sourceMap uuid=""${component.componentAlias!}${settingId!}"" componentAlias=""${component.componentAlias!''}"" /]
<div class=""asd"" style=""display:none""></div>
<div class=""backstage-stwidgets-settingwrap"" scope=""${scope}"" settingId=""${settingId!''}"" id=""component_${settingId!''}"" relationCommonId=""${relationCommonId!''}"" classAttr=""${component.widgetClass}"">
	<div class=""sitewidget-video_detail ${component.widgetClass}"">
		<div class=""sitewidget-hd""><h2>${component.componentTitle!?html}</h2></div>
		<div  class=""sitewidget-bd"">
			[@table_select showType=""1""  serviceName=""phoenixFrontemdVideoService"" videoId=""${videoId!''}""]
                [#if table_data??]
                <div class=""video_detail"">
                      <div class=""video_detail_paly"">
                        [#if table_data.contents??]
                            [#list table_data.contents as cate]
                            <div class=""video_detail_palying"">
                                [#if cate.videoId?? && cate.videoId == '']
                                    <iframe class=""iframe_detail_palying_src"" src='${table_data.thirdPartyLink!''}' frameborder=""0"" scrolling=""no"" height=""500px"" width=""100%""></iframe>
                                [#else]
                                    <video id=""video_detail_play_${cate_index}"" class=""video_detail_palying_src video-js"" controls="""" name=""media"" src=""""></video>
                                [/#if]
                                    
                                    
                            </div>
                            <div class=""video_detail_name"">${cate.name!''}</div>
                            <div class=""video_detail_desc"">${cate.desc!''}</div>
                            <div class=""video_detail_desc"">${cate.id!''}</div>
                            [/#list]
                        [/#if]
                        </div>
                </div>
                [#else]
                    [@web_backend]
            			[@s.m ""FLKpUAfANfAg_component_cont_txt_video_detail1"" /]
                    [/@web_backend]
                [/#if]

            	[#-- 视频详情结构化数据 --]
            	<script type=""application/ld+json"">${JSONLD!''}</script>
            	[@web_frontend]
                    [@web_javascript]   
                        (function(window,$,undefined){
                            $(function(){
                                if('${table_data.contents[0].videoId!''}' == ''){
                                    $('#'+'component_${settingId!''}').find("".iframe_detail_palying_src"").css('max-width','960px')
                                    $('#'+'component_${settingId!''}').find("".iframe_detail_palying_src"").css('max-height','540px')
                                    $('#'+'component_${settingId!''}').find("".iframe_detail_palying_src"").css('min-height','400px')
                                    $('#'+'component_${settingId!''}').find("".iframe_detail_palying_src"").css('width','100%')
                                    return false;
                                }else{
                                    <!-- console.log(""${table_data.contents[0].videoId!''}"",'loacalVideoSrc') -->
                                    <!-- phoenixSite.videoDetail.videoUrl('${table_data.contents[0].videoId!''}','upload'); -->
                                    <!-- console.log('loacalVideoSrccccccccccc') -->

                                    $('#'+'component_${settingId!''}').find("".iframe_detail_palying_src"").hide()
                                    var url = ' /phoenix/admin/video/url?photoId=' + '${table_data.contents[0].videoId!''}';
                                    $.ajax({
                                        url: url,
                                        type: 'get',
                                        success: function(xhr) {
                                            var data = JSON.parse(xhr);
                                            $('#'+'component_${settingId!''}').find("".video_detail_palying_src"").each(function(i) {
                                                
                                                if (data.video_url) {
                                                    var httpU1 = data.video_url.substring(0, 2);
                                                    var httpU2 = data.video_url.substring(0, 4);
                                                    var httpU3 = data.video_url.substring(0, 5);
                                                    if (httpU1 == '//' || 'http' == httpU2 || 'https' == httpU3) {
                                                        
                                                        $(this).attr('src', data.video_url);
                                                        
                                                    } else {
                                                        $(this).attr('src', '//' + data.video_url);
                                                    }
                                                    var video_type = 'video/mp4';
                                                    if(data.video_url.indexOf('mediaType=m3u8') > -1){
                                                        video_type = 'application/x-mpegURL';
                                                    }
                                                    videojs('#video_detail_play_'+i,{
                                                        muted:'false',
                                                        sources:[{
                                                            src:data.video_url,
                                                            type:video_type
                                                        }]
                                                    })
                                                }
                                            });
                                        }
                                    });
                                    return false;
                                }
                                
                            });
                        })(window,jQuery)
                    [/@web_javascript]
            	[/@web_frontend]
			[/@table_select]
            
		</div>
	</div>
	[#-- 后台组件包裹框注册.script节点一定要在组件div内--]
	[@web_backend]
		[@web_javascript auto_delete='false']
			(function(window,jQuery,undefined){
				// 组件包裹框注册
				$(function(){
					$_phoenix.pagefunc.component_management.setup('${settingId!''}',{title: '[@phoenix_directive_i18n code=""component_alias_name_${component.videoDetail!}"" txt=""${component.componentName!}""/]'});
				});
			})(window,jQuery)
		[/@web_javascript]
	[/@web_backend]
</div>","-1","20210602161412","3001","2018-09-11 16:37:01","183491","demo-guoxiaotian","2021-06-02 16:13:20","7310394","王成强","-1","0"
"93634","1","view_default.html","[@web_depand_component_sourceMap uuid=""${component.componentAlias!}${settingId!}"" componentAlias=""${component.componentAlias!''}"" /]
<div class=""asd"" style=""display:none""></div>
<div class=""backstage-stwidgets-settingwrap"" scope=""${scope}"" settingId=""${settingId!''}"" id=""component_${settingId!''}"" relationCommonId=""${relationCommonId!''}"" classAttr=""${component.widgetClass}"">
	<div class=""sitewidget-video_detail ${component.widgetClass}"">
		<div class=""sitewidget-hd""><h2>${component.componentTitle!?html}</h2></div>
		<div  class=""sitewidget-bd"">
			[@table_select showType=""1""  serviceName=""phoenixFrontemdVideoService"" videoId=""${videoId!''}""]
                [#if table_data??]
                <div class=""video_detail"">
                      <div class=""video_detail_paly"">
                        [#if table_data.contents??]
                            [#list table_data.contents as cate]
                            <div class=""video_detail_palying"">
                                [#if cate.videoId?? && cate.videoId == '']
                                    <iframe class=""iframe_detail_palying_src"" src='${table_data.thirdPartyLink!''}' frameborder=""0"" scrolling=""no"" height=""500px"" width=""100%""></iframe>
                                [#else]
                                    <video id=""video_detail_play_${cate_index}"" class=""video_detail_palying_src video-js"" controls="""" name=""media"" src=""""></video>
                                [/#if]
                                    
                                    
                            </div>
                            <div class=""video_detail_name"">${cate.name!''}</div>
                            <div class=""video_detail_desc"">${cate.desc!''}</div>
                            <div class=""video_detail_desc"">${cate.id!''}</div>
                            [/#list]
                        [/#if]
                        </div>
                </div>
                [#else]
                    [@web_backend]
            			[@s.m ""FLKpUAfANfAg_component_cont_txt_video_detail1"" /]
                    [/@web_backend]
                [/#if]

            	[#-- 视频详情结构化数据 --]
            	<script type=""application/ld+json"">${JSONLD!''}</script>
            	[@web_frontend]
                    [@web_javascript]   
                        (function(window,$,undefined){
                            $(function(){
                                if('${table_data.contents[0].videoId!''}' == ''){
                                    $('#'+'component_${settingId!''}').find("".iframe_detail_palying_src"").css('max-width','960px')
                                    $('#'+'component_${settingId!''}').find("".iframe_detail_palying_src"").css('max-height','540px')
                                    $('#'+'component_${settingId!''}').find("".iframe_detail_palying_src"").css('min-height','400px')
                                    $('#'+'component_${settingId!''}').find("".iframe_detail_palying_src"").css('width','100%')
                                    return false;
                                }else{
                                    <!-- console.log(""${table_data.contents[0].videoId!''}"",'loacalVideoSrc') -->
                                    <!-- phoenixSite.videoDetail.videoUrl('${table_data.contents[0].videoId!''}','upload'); -->
                                    <!-- console.log('loacalVideoSrccccccccccc') -->

                                    $('#'+'component_${settingId!''}').find("".iframe_detail_palying_src"").hide()
                                    var url = ' /phoenix/admin/video/url?photoId=' + '${table_data.contents[0].videoId!''}';
                                    $.ajax({
                                        url: url,
                                        type: 'get',
                                        success: function(xhr) {
                                            var data = JSON.parse(xhr);
                                            $('#'+'component_${settingId!''}').find("".video_detail_palying_src"").each(function(i) {
                                                
                                                if (data.video_url) {
                                                    var httpU1 = data.video_url.substring(0, 2);
                                                    var httpU2 = data.video_url.substring(0, 4);
                                                    var httpU3 = data.video_url.substring(0, 5);
                                                    if (httpU1 == '//' || 'http' == httpU2 || 'https' == httpU3) {
                                                        
                                                        $(this).attr('src', data.video_url);
                                                        
                                                    } else {
                                                        $(this).attr('src', '//' + data.video_url);
                                                    }
                                                    var video_type = 'video/mp4';
                                                    if(data.video_url.indexOf('mediaType=m3u8') > -1){
                                                        video_type = 'application/x-mpegURL';
                                                    }
                                                    videojs('#video_detail_play_'+i,{
                                                        muted:'true',
                                                        sources:[{
                                                            src:data.video_url,
                                                            type:video_type
                                                        }]
                                                    })
                                                }
                                            });
                                        }
                                    });
                                    return false;
                                }
                                
                            });
                        })(window,jQuery)
                    [/@web_javascript]
            	[/@web_frontend]
			[/@table_select]
            
		</div>
	</div>
	[#-- 后台组件包裹框注册.script节点一定要在组件div内--]
	[@web_backend]
		[@web_javascript auto_delete='false']
			(function(window,jQuery,undefined){
				// 组件包裹框注册
				$(function(){
					$_phoenix.pagefunc.component_management.setup('${settingId!''}',{title: '[@phoenix_directive_i18n code=""component_alias_name_${component.videoDetail!}"" txt=""${component.componentName!}""/]'});
				});
			})(window,jQuery)
		[/@web_javascript]
	[/@web_backend]
</div>","-1","20210602161632","3001","2018-09-11 16:37:01","183491","demo-guoxiaotian","2021-06-02 16:16:19","7310394","王成强","-1","0"
"93654","1","view_default.html","[@web_depand_component_sourceMap uuid=""${component.componentAlias!}${settingId!}"" componentAlias=""${component.componentAlias!''}"" /]
<div class=""asd"" style=""display:none""></div>
<div class=""backstage-stwidgets-settingwrap"" scope=""${scope}"" settingId=""${settingId!''}"" id=""component_${settingId!''}"" relationCommonId=""${relationCommonId!''}"" classAttr=""${component.widgetClass}"">
	<div class=""sitewidget-video_detail ${component.widgetClass}"">
		<div class=""sitewidget-hd""><h2>${component.componentTitle!?html}</h2></div>
		<div  class=""sitewidget-bd"">
			[@table_select showType=""1""  serviceName=""phoenixFrontemdVideoService"" videoId=""${videoId!''}""]
                [#if table_data??]
                <div class=""video_detail"">
                      <div class=""video_detail_paly"">
                        [#if table_data.contents??]
                            [#list table_data.contents as cate]
                            <div class=""video_detail_palying"">
                                [#if cate.videoId?? && cate.videoId == '']
                                    <iframe class=""iframe_detail_palying_src"" src='${table_data.thirdPartyLink!''}' frameborder=""0"" scrolling=""no"" height=""500px"" width=""100%""></iframe>
                                [#else]
                                    <video id=""video_detail_play_${cate_index}"" class=""video_detail_palying_src video-js"" controls="""" name=""media"" src=""""></video>
                                [/#if]
                                    
                                    
                            </div>
                            <div class=""video_detail_name"">${cate.name!''}</div>
                            <div class=""video_detail_desc"">${cate.desc!''}</div>
                            <div class=""video_detail_desc"">${cate.id!''}</div>
                            [/#list]
                        [/#if]
                        </div>
                </div>
                [#else]
                    [@web_backend]
            			[@s.m ""FLKpUAfANfAg_component_cont_txt_video_detail1"" /]
                    [/@web_backend]
                [/#if]

            	[#-- 视频详情结构化数据 --]
            	<script type=""application/ld+json"">${JSONLD!''}</script>
            	[@web_frontend]
                    [@web_javascript]   
                        (function(window,$,undefined){
                            $(function(){
                                if('${table_data.contents[0].videoId!''}' == ''){
                                    $('#'+'component_${settingId!''}').find("".iframe_detail_palying_src"").css('max-width','960px')
                                    $('#'+'component_${settingId!''}').find("".iframe_detail_palying_src"").css('max-height','540px')
                                    $('#'+'component_${settingId!''}').find("".iframe_detail_palying_src"").css('min-height','400px')
                                    $('#'+'component_${settingId!''}').find("".iframe_detail_palying_src"").css('width','100%')
                                    return false;
                                }else{
                                    <!-- console.log(""${table_data.contents[0].videoId!''}"",'loacalVideoSrc') -->
                                    <!-- phoenixSite.videoDetail.videoUrl('${table_data.contents[0].videoId!''}','upload'); -->
                                    <!-- console.log('loacalVideoSrccccccccccc') -->

                                    $('#'+'component_${settingId!''}').find("".iframe_detail_palying_src"").hide()
                                    var url = ' /phoenix/admin/video/url?photoId=' + '${table_data.contents[0].videoId!''}';
                                    $.ajax({
                                        url: url,
                                        type: 'get',
                                        success: function(xhr) {
                                            var data = JSON.parse(xhr);
                                            $('#'+'component_${settingId!''}').find("".video_detail_palying_src"").each(function(i) {
                                                
                                                if (data.video_url) {
                                                    var httpU1 = data.video_url.substring(0, 2);
                                                    var httpU2 = data.video_url.substring(0, 4);
                                                    var httpU3 = data.video_url.substring(0, 5);
                                                    if (httpU1 == '//' || 'http' == httpU2 || 'https' == httpU3) {
                                                        
                                                        $(this).attr('src', data.video_url);
                                                        
                                                    } else {
                                                        $(this).attr('src', '//' + data.video_url);
                                                    }
                                                    var video_type = 'video/mp4';
                                                    if(data.video_url.indexOf('mediaType=m3u8') > -1){
                                                        video_type = 'application/x-mpegURL';
                                                    }
                                                    videojs('#video_detail_play_'+i,{
                                                        muted:true,
                                                        sources:[{
                                                            src:data.video_url,
                                                            type:video_type
                                                        }]
                                                    })
                                                }
                                            });
                                        }
                                    });
                                    return false;
                                }
                                
                            });
                        })(window,jQuery)
                    [/@web_javascript]
            	[/@web_frontend]
			[/@table_select]
            
		</div>
	</div>
	[#-- 后台组件包裹框注册.script节点一定要在组件div内--]
	[@web_backend]
		[@web_javascript auto_delete='false']
			(function(window,jQuery,undefined){
				// 组件包裹框注册
				$(function(){
					$_phoenix.pagefunc.component_management.setup('${settingId!''}',{title: '[@phoenix_directive_i18n code=""component_alias_name_${component.videoDetail!}"" txt=""${component.componentName!}""/]'});
				});
			})(window,jQuery)
		[/@web_javascript]
	[/@web_backend]
</div>","-1","20210602161829","3001","2018-09-11 16:37:01","183491","demo-guoxiaotian","2021-06-02 16:18:08","7310394","王成强","-1","0"
"93674","1","view_default.html","[@web_depand_component_sourceMap uuid=""${component.componentAlias!}${settingId!}"" componentAlias=""${component.componentAlias!''}"" /]
<div class=""asd"" style=""display:none""></div>
<div class=""backstage-stwidgets-settingwrap"" scope=""${scope}"" settingId=""${settingId!''}"" id=""component_${settingId!''}"" relationCommonId=""${relationCommonId!''}"" classAttr=""${component.widgetClass}"">
	<div class=""sitewidget-video_detail ${component.widgetClass}"">
		<div class=""sitewidget-hd""><h2>${component.componentTitle!?html}</h2></div>
		<div  class=""sitewidget-bd"">
			[@table_select showType=""1""  serviceName=""phoenixFrontemdVideoService"" videoId=""${videoId!''}""]
                [#if table_data??]
                <div class=""video_detail"">
                      <div class=""video_detail_paly"">
                        [#if table_data.contents??]
                            [#list table_data.contents as cate]
                            <div class=""video_detail_palying"">
                                [#if cate.videoId?? && cate.videoId == '']
                                    <iframe class=""iframe_detail_palying_src"" src='${table_data.thirdPartyLink!''}' frameborder=""0"" scrolling=""no"" height=""500px"" width=""100%""></iframe>
                                [#else]
                                    <video id=""video_detail_play_${cate_index}"" class=""video_detail_palying_src video-js"" controls="""" name=""media"" src=""""></video>
                                [/#if]
                                    
                                    
                            </div>
                            <div class=""video_detail_name"">${cate.name!''}</div>
                            <div class=""video_detail_desc"">${cate.desc!''}</div>
                            <div class=""video_detail_desc"">${cate.id!''}</div>
                            [/#list]
                        [/#if]
                        </div>
                </div>
                [#else]
                    [@web_backend]
            			[@s.m ""FLKpUAfANfAg_component_cont_txt_video_detail1"" /]
                    [/@web_backend]
                [/#if]

            	[#-- 视频详情结构化数据 --]
            	<script type=""application/ld+json"">${JSONLD!''}</script>
            	[@web_frontend]
                    [@web_javascript]   
                        (function(window,$,undefined){
                            $(function(){
                                if('${table_data.contents[0].videoId!''}' == ''){
                                    $('#'+'component_${settingId!''}').find("".iframe_detail_palying_src"").css('max-width','960px')
                                    $('#'+'component_${settingId!''}').find("".iframe_detail_palying_src"").css('max-height','540px')
                                    $('#'+'component_${settingId!''}').find("".iframe_detail_palying_src"").css('min-height','400px')
                                    $('#'+'component_${settingId!''}').find("".iframe_detail_palying_src"").css('width','100%')
                                    return false;
                                }else{
                                    <!-- console.log(""${table_data.contents[0].videoId!''}"",'loacalVideoSrc') -->
                                    <!-- phoenixSite.videoDetail.videoUrl('${table_data.contents[0].videoId!''}','upload'); -->
                                    <!-- console.log('loacalVideoSrccccccccccc') -->

                                    $('#'+'component_${settingId!''}').find("".iframe_detail_palying_src"").hide()
                                    var url = ' /phoenix/admin/video/url?photoId=' + '${table_data.contents[0].videoId!''}';
                                    $.ajax({
                                        url: url,
                                        type: 'get',
                                        success: function(xhr) {
                                            var data = JSON.parse(xhr);
                                            $('#'+'component_${settingId!''}').find("".video_detail_palying_src"").each(function(i) {
                                                
                                                if (data.video_url) {
                                                    var httpU1 = data.video_url.substring(0, 2);
                                                    var httpU2 = data.video_url.substring(0, 4);
                                                    var httpU3 = data.video_url.substring(0, 5);
                                                    if (httpU1 == '//' || 'http' == httpU2 || 'https' == httpU3) {
                                                        
                                                        $(this).attr('src', data.video_url);
                                                        
                                                    } else {
                                                        $(this).attr('src', '//' + data.video_url);
                                                    }
                                                    var video_type = 'video/mp4';
                                                    if(data.video_url.indexOf('mediaType=m3u8') > -1){
                                                        video_type = 'application/x-mpegURL';
                                                    }
                                                    videojs('#video_detail_play_'+i,{
                                                        muted:false,
                                                        sources:[{
                                                            src:data.video_url,
                                                            type:video_type
                                                        }]
                                                    })
                                                }
                                            });
                                        }
                                    });
                                    return false;
                                }
                                
                            });
                        })(window,jQuery)
                    [/@web_javascript]
            	[/@web_frontend]
			[/@table_select]
            
		</div>
	</div>
	[#-- 后台组件包裹框注册.script节点一定要在组件div内--]
	[@web_backend]
		[@web_javascript auto_delete='false']
			(function(window,jQuery,undefined){
				// 组件包裹框注册
				$(function(){
					$_phoenix.pagefunc.component_management.setup('${settingId!''}',{title: '[@phoenix_directive_i18n code=""component_alias_name_${component.videoDetail!}"" txt=""${component.componentName!}""/]'});
				});
			})(window,jQuery)
		[/@web_javascript]
	[/@web_backend]
</div>","-1","20210602162225","3001","2018-09-11 16:37:01","183491","demo-guoxiaotian","2021-06-02 16:22:11","7310394","王成强","-1","0"
"98064","1","view_default.html","[@web_depand_component_sourceMap uuid=""${component.componentAlias!}${settingId!}"" componentAlias=""${component.componentAlias!''}"" /]
<div class=""asd"" style=""display:none""></div>
<div class=""backstage-stwidgets-settingwrap"" scope=""${scope}"" settingId=""${settingId!''}"" id=""component_${settingId!''}"" relationCommonId=""${relationCommonId!''}"" classAttr=""${component.widgetClass}"">
	<div class=""sitewidget-video_detail ${component.widgetClass}"">
		<div class=""sitewidget-hd""><h2>${component.componentTitle!?html}</h2></div>
		<div  class=""sitewidget-bd"">
			[@table_select showType=""1""  serviceName=""phoenixFrontemdVideoService"" videoId=""${videoId!''}""]
                [#if table_data??]
                <div class=""video_detail"">
                      <div class=""video_detail_paly"">
                        [#if table_data.contents??]
                            [#list table_data.contents as cate]
                            <div class=""video_detail_palying"">
                                [#if cate.videoId?? && cate.videoId == '']
                                    <iframe class=""iframe_detail_palying_src"" src='${table_data.thirdPartyLink!''}' frameborder=""0"" scrolling=""no"" height=""500px"" width=""100%""></iframe>
                                [#else]
                                    <video id=""video_detail_play_${cate_index}"" class=""video_detail_palying_src video-js"" controls="""" name=""media"" src=""""></video>
                                [/#if]
                                    
                                    
                            </div>
                            <div class=""video_detail_name"">${cate.name!''}</div>
                            <div class=""video_detail_desc"">${cate.desc!''}</div>
                            <div class=""video_detail_desc"">${cate.id!''}</div>
                            [/#list]
                        [/#if]
                        </div>
                </div>
                [#else]
                    [@web_backend]
            			[@s.m ""FLKpUAfANfAg_component_cont_txt_video_detail1"" /]
                    [/@web_backend]
                [/#if]

            	[#-- 视频详情结构化数据 --]
            	<script type=""application/ld+json"">${JSONLD!''}</script>
            	[@web_frontend]
                    [@web_javascript]   
                        (function(window,$,undefined){
                            $(function(){
                                if('${table_data.contents[0].videoId!''}' == ''){
                                    $('#'+'component_${settingId!''}').find("".iframe_detail_palying_src"").css('max-width','960px')
                                    $('#'+'component_${settingId!''}').find("".iframe_detail_palying_src"").css('max-height','540px')
                                    $('#'+'component_${settingId!''}').find("".iframe_detail_palying_src"").css('min-height','400px')
                                    $('#'+'component_${settingId!''}').find("".iframe_detail_palying_src"").css('width','100%')
                                    return false;
                                }else{
                                    <!-- console.log(""${table_data.contents[0].videoId!''}"",'loacalVideoSrc') -->
                                    <!-- phoenixSite.videoDetail.videoUrl('${table_data.contents[0].videoId!''}','upload'); -->
                                    <!-- console.log('loacalVideoSrccccccccccc') -->

                                    $('#'+'component_${settingId!''}').find("".iframe_detail_palying_src"").hide()
                                    var url = ' /phoenix/admin/video/url?photoId=' + '${table_data.contents[0].videoId!''}';
                                    $.ajax({
                                        url: url,
                                        type: 'get',
                                        success: function(xhr) {
                                            var data = JSON.parse(xhr);
                                            $('#'+'component_${settingId!''}').find("".video_detail_palying_src"").each(function(i) {
                                                
                                                if (data.video_url) {
                                                    var httpU1 = data.video_url.substring(0, 2);
                                                    var httpU2 = data.video_url.substring(0, 4);
                                                    var httpU3 = data.video_url.substring(0, 5);
                                                    if (httpU1 == '//' || 'http' == httpU2 || 'https' == httpU3) {
                                                        
                                                        $(this).attr('src', data.video_url);
                                                        
                                                    } else {
                                                        $(this).attr('src', '//' + data.video_url);
                                                    }
                                                    var video_type = 'video/mp4';
                                                    if(data.video_url.indexOf('mediaType=m3u8') > -1){
                                                        video_type = 'application/x-mpegURL';
                                                    }
                                                    videojs('#video_detail_play_'+i,{
                                                        muted:false,
                                                        sources:[{
                                                            src:data.video_url,
                                                            type:video_type
                                                        }]
                                                    })
                                                }
                                            });
                                        }
                                    });
                                    return false;
                                }
                                
                            });
                        })(window,jQuery)
                    [/@web_javascript]
            	[/@web_frontend]
			[/@table_select]
            
		</div>
	</div>
	[#-- 后台组件包裹框注册.script节点一定要在组件div内--]
	[@web_backend]
		[@web_javascript auto_delete='false']
			(function(window,jQuery,undefined){
				// 组件包裹框注册
				$(function(){
					$_phoenix.pagefunc.component_management.setup('${settingId!''}',{title: '[@phoenix_directive_i18n code=""component_alias_name_${component.videoDetail!}"" txt=""${component.componentName!}""/]'});
				});
			})(window,jQuery)
		[/@web_javascript]
	[/@web_backend]
</div>","-1","20210708152405","3001","2018-09-11 16:37:01","183491","demo-guoxiaotian","2021-06-02 16:22:11","7310394","王成强","-1","0"
"100424","1","view_default.html","[@web_depand_component_sourceMap uuid=""${component.componentAlias!}${settingId!}"" componentAlias=""${component.componentAlias!''}"" /]
<div class=""asd"" style=""display:none""></div>
<div class=""backstage-stwidgets-settingwrap"" scope=""${scope}"" settingId=""${settingId!''}"" id=""component_${settingId!''}"" relationCommonId=""${relationCommonId!''}"" classAttr=""${component.widgetClass}"">
	<div class=""sitewidget-video_detail ${component.widgetClass}"">
		<div class=""sitewidget-hd""><h2>${component.componentTitle!?html}</h2></div>
		<div  class=""sitewidget-bd"">
			[@table_select showType=""1""  serviceName=""phoenixFrontemdVideoService"" videoId=""${videoId!''}""]
                [#if table_data??]
                <div class=""video_detail"">
                      <div class=""video_detail_paly"">
                        [#if table_data.contents??]
                            [#list table_data.contents as cate]
                            <div class=""video_detail_palying"">
                                [#if cate.videoId?? && cate.videoId == '']
                                    <iframe class=""iframe_detail_palying_src"" src='${table_data.thirdPartyLink!''}' frameborder=""0"" scrolling=""no"" height=""500px"" width=""100%""></iframe>
                                [#else]
                                    <video id=""video_detail_play_${cate_index}"" class=""video_detail_palying_src video-js"" controls="""" name=""media"" src=""""></video>
                                [/#if]
                                    
                                    
                            </div>
                            <div class=""video_detail_name"">${cate.name!''}</div>
                            <div class=""video_detail_desc"">${cate.desc!''}</div>
                            <div class=""video_detail_desc"">${cate.id!''}</div>
                            [/#list]
                        [/#if]
                        </div>
                </div>
                [#else]
                    [@web_backend]
            			[@s.m ""FLKpUAfANfAg_component_cont_txt_video_detail1"" /]
                    [/@web_backend]
                [/#if]

            	[#-- 视频详情结构化数据 --]
            	<script type=""application/ld+json"">${JSONLD!''}</script>
            	[@web_frontend]
                    [@web_javascript]   
                        (function(window,$,undefined){
                            $(function(){
                                if('${table_data.contents[0].videoId!''}' == ''){
                                    $('#'+'component_${settingId!''}').find("".iframe_detail_palying_src"").css('max-width','960px')
                                    $('#'+'component_${settingId!''}').find("".iframe_detail_palying_src"").css('max-height','540px')
                                    $('#'+'component_${settingId!''}').find("".iframe_detail_palying_src"").css('min-height','400px')
                                    $('#'+'component_${settingId!''}').find("".iframe_detail_palying_src"").css('width','100%')
                                    return false;
                                }else{
                                    <!-- console.log(""${table_data.contents[0].videoId!''}"",'loacalVideoSrc') -->
                                    <!-- phoenixSite.videoDetail.videoUrl('${table_data.contents[0].videoId!''}','upload'); -->
                                    <!-- console.log('loacalVideoSrccccccccccc') -->

                                    $('#'+'component_${settingId!''}').find("".iframe_detail_palying_src"").hide()
                                    var url = ' /phoenix/admin/video/url?photoId=' + '${table_data.contents[0].videoId!''}';
                                    $.ajax({
                                        url: url,
                                        type: 'get',
                                        success: function(xhr) {
                                            var data = JSON.parse(xhr);
                                            $('#'+'component_${settingId!''}').find("".video_detail_palying_src"").each(function(i) {
                                                
                                                if (data.video_url) {
                                                    var httpU1 = data.video_url.substring(0, 2);
                                                    var httpU2 = data.video_url.substring(0, 4);
                                                    var httpU3 = data.video_url.substring(0, 5);
                                                    if (httpU1 == '//' || 'http' == httpU2 || 'https' == httpU3) {
                                                        
                                                        $(this).attr('src', data.video_url);
                                                        
                                                    } else {
                                                        $(this).attr('src', '//' + data.video_url);
                                                    }
                                                    var video_type = 'video/mp4';
                                                    if(data.video_url.indexOf('mediaType=m3u8') > -1){
                                                        video_type = 'application/x-mpegURL';
                                                    }
                                                    videojs('#video_detail_play_'+i,{
                                                        muted:false,
                                                        sources:[{
                                                            src:data.video_url,
                                                            type:video_type
                                                        }]
                                                    })
                                                }
                                            });
                                        }
                                    });
                                    return false;
                                }
                                
                            });
                        })(window,jQuery)
                    [/@web_javascript]
            	[/@web_frontend]
			[/@table_select]
            
		</div>
	</div>
	[#-- 后台组件包裹框注册.script节点一定要在组件div内--]
	[@web_backend]
		[@web_javascript auto_delete='false']
			(function(window,jQuery,undefined){
				// 组件包裹框注册
				$(function(){
					$_phoenix.pagefunc.component_management.setup('${settingId!''}',{title: '[@phoenix_directive_i18n code=""component_alias_name_${component.videoDetail!}"" txt=""${component.componentName!}""/]'});
				});
			})(window,jQuery)
		[/@web_javascript]
	[/@web_backend]
</div>","-1","20210713171918","3001","2018-09-11 16:37:01","183491","demo-guoxiaotian","2021-06-02 16:22:11","7310394","王成强","-1","0"
"104924","1","view_default.html","[@phoenix_component settingId=""${settingId!''}"" relationCommonId=""${relationCommonId!''}""]
<div class=""backstage-stwidgets-settingwrap"" scope=""${scope}"" settingId=""${settingId!''}"" id=""component_${settingId!''}"" relationCommonId=""${relationCommonId!''}"" classAttr=""${component.widgetClass}"">
	<div class=""sitewidget-videocategory category-default-simple ${component.widgetClass}"">
		[#if !phoenix_method_isFresh(component.componentAlias!,settingId!,component.componentUpdateVersion!)]
			[#include ""style.html"" /]
		[/#if]
		[#if component.componentTitle??]
		<div class=""sitewidget-hd"">
			[#-- ==组件标题块==   如果没有componentTitle参数，请删除这段 [#if] --]
			<h2>
				<strong>${component.componentTitle!?html}</strong>
			</h2>
		</div>
		[/#if]
		<div class=""sitewidget-bd"">
			[@web_backend]
			<a class=""hide"" href=""javascript:;"">&nbsp;</a>
			[/@web_backend]
			[@table_select showType=""2"" selectCateIds=""${component.videoCate_ids!''}"" serviceName=""phoenixFrontemdVideoService"" selectVideoCateType=""${component.selectVideoCateType!'0'}"" videoGroupId=""${infoGroupId!''}""]
			[#assign cateStyle=""with-submenu""]
			[#assign firstUlStyle=""slight-submenu-wrap""]
			[#assign cateUlId=""""]
			[#assign cateStyle=""submenu-default-simple""]

			<ul id=""${cateUlId}"" class=""${cateStyle} ${firstUlStyle} 33333"">
				<!-- 风格展示  -->
				[#if component.cateShowStyle?? && component.cateShowStyle == '7'] 
					[#include ""cateShowStyle7.html""]
				[/#if]
				[#if component.cateShowStyle?? && component.cateShowStyle == '11'] 
					[#include ""cateShowStyle11.html""]
					[#include ""style11.css""]
				[/#if]
				[#if component.cateShowStyle?? && component.cateShowStyle == '14']
					[#include ""cateShowStyle14.html""]
				[/#if]
				<!-- 风格展示  -->
			</ul>
			[/@table_select]
		</div>
	</div>
	
	<span class=""t-radius""></span>
	<span class=""b-radius""></span>
	[@phoenix_directive_phoenix_excludePageStatic]
		[@web_javascript collect=""true"" pm_script=""${component.widgetClass!}"" jumpTo=""${settingId!}""]
			$(function(){
				[#--//目录导航折叠效果--]
				function videocategoryThumbToggle(_obj){
					$(_obj + "" .sitewidget-hd"").unbind(""click"").bind(""click"", function(){
						if ($(_obj + "" .sitewidget-bd"").css(""display"") == ""none"" || $(_obj + "" .sitewidget-bd"").hasClass(""displayed"")) {
							if ($(_obj + "" .sitewidget-bd"").is("":hidden"")) {
								$(this).find("".sitewidget-thumb"").removeClass(""todown"").addClass(""toup"");
							}
							else {
								$(this).find("".sitewidget-thumb"").removeClass(""toup"").addClass(""todown"");
							}
							$(_obj + "" .sitewidget-bd"").slideToggle().toggleClass(""displayed"");
							// $(this).find("".sitewidget-thumb"").toggleClass(""closed"");
						}
					});
				}
				
			    videocategoryThumbToggle("".${component.widgetClass}"");
				[#if component.videoCatebtnOpenStyle??]
				$("".${component.widgetClass} .artLi.on"").parents("".artLi"").each(function(){
					$(this).addClass(""on"");
				})
				[/#if]
			})
		[/@web_javascript]
	[/@phoenix_directive_phoenix_excludePageStatic]
	[@phoenix_directive_phoenix_excludePageStatic]
	[#--设置菜单展开效果--]
		[@web_javascript collect=""true"" pm_script=""${component.widgetClass!}"" jumpTo=""${settingId!}""]
			(function(window, $, undefined){
				$(function(){
					[#if !component.cateShowStyle?? || component.cateShowStyle == '7' || component.cateShowStyle == '11' || component.cateShowStyle == '14']
						$('.${component.widgetClass} .with-submenu,.${component.widgetClass} .submenu-default-gray').slightSubmenu({buttonActivateEvents: 'click click',submenuOpeneTime:400});
						$('.${component.widgetClass} .submenu-default-simple').slightSubmenu({buttonActivateEvents: 'click click',submenuOpeneTime:10});
						[#if component.videoCatebtnOpenStyle?? && component.videoCatebtnOpenStyle != ""0""] 
							[#--设置菜单展开效果--]
							[#if component.videoCatebtnOpenStyle == ""1""]
								var showList = $('.${component.widgetClass} .submenu-default-simple').find("">.li-with-ul"");
							[#elseif component.videoCatebtnOpenStyle == ""2""]
								var showList = $('.${component.widgetClass} .sitewidget-bd > .submenu-default-simple').find("">.li-with-ul"");
							[/#if]
							showList.addClass(""submenuUlShow"").find("">.slight-submenu-button"").addClass(""opened"");
							showList.find("">ul"").show();
						[/#if]
					[/#if]
				});
				[#--点击链接后展开二级组--]
				$(function() {
					var subListOn = $("".${component.widgetClass} .slight-submenu-wrap ul .on"");
					if(subListOn.length){
						subListOn.parent().show();
						subListOn.parent().siblings("".slight-submenu-button"").addClass(""opened"");
					}
				});
			})(window, jQuery);
		[/@web_javascript]
		[#--设置菜单展开效果--]
		[#include ""/phoenix/lab/component_labjs_include.html"" /]
	[/@phoenix_directive_phoenix_excludePageStatic]
[#-- 后台组件包裹框注册.script节点一定要在组件div内--]
[@web_backend]
	[@web_javascript]
		(function(window,jQuery,undefined){
			// 组件包裹框注册
			$(function(){
				$_phoenix.pagefunc.component_management.setup('${settingId!''}',{title: '[@phoenix_directive_i18n code=""component_alias_name_${component.componentAlias!}"" txt=""${component.componentName!}""/]'});
			});
		})(window,jQuery)
	[/@web_javascript]
[/@web_backend]
</div>
[/@phoenix_component]","-1","20210720165930","11254","2020-05-14 16:38:04","429524","易永杰","2021-04-08 16:08:19","7310394","王成强","-1","0"
"124674","1","view_default.html","[@phoenix_component settingId=""${settingId!''}"" relationCommonId=""${relationCommonId!''}""]
[@web_depand_component_sourceMap uuid=""${component.componentAlias!}${settingId!}"" settingId=""${settingId!}"" componentAlias=""${component.componentAlias!''}"" /]
<div class=""backstage-stwidgets-settingwrap"" scope=""${scope}"" settingId=""${settingId!''}"" id=""component_${settingId!''}"" relationCommonId=""${relationCommonId!''}"" classAttr=""${component.widgetClass}"">
	<div class=""sitewidget-videocategory category-default-simple ${component.widgetClass}"">
		[#if !phoenix_method_isFresh(component.componentAlias!,settingId!,component.componentUpdateVersion!)]
			[#include ""style.html"" /]
		[/#if]
		[#if component.componentTitle??]
		<div class=""sitewidget-hd"">
			[#-- ==组件标题块==   如果没有componentTitle参数，请删除这段 [#if] --]
			<h2>
				<strong>${component.componentTitle!?html}</strong>
			</h2>
		</div>
		[/#if]
		<div class=""sitewidget-bd"">
			[@web_backend]
			<a class=""hide"" href=""javascript:;"">&nbsp;</a>
			[/@web_backend]
			[@table_select showType=""2"" selectCateIds=""${component.videoCate_ids!''}"" serviceName=""phoenixFrontemdVideoService"" selectVideoCateType=""${component.selectVideoCateType!'0'}"" videoGroupId=""${infoGroupId!''}""]
			[#assign cateStyle=""with-submenu""]
			[#assign firstUlStyle=""slight-submenu-wrap""]
			[#assign cateUlId=""""]
			[#assign cateStyle=""submenu-default-simple""]

			<ul id=""${cateUlId}"" class=""${cateStyle} ${firstUlStyle} 33333"">
				<!-- 风格展示  -->
				[#if component.cateShowStyle?? && component.cateShowStyle == '7'] 
					[#include ""cateShowStyle7.html""]
				[/#if]
				[#if component.cateShowStyle?? && component.cateShowStyle == '11'] 
					[#include ""cateShowStyle11.html""]
					[#include ""style11.css""]
				[/#if]
				[#if component.cateShowStyle?? && component.cateShowStyle == '14']
					[#include ""cateShowStyle14.html""]
				[/#if]
				<!-- 风格展示  -->
			</ul>
			[/@table_select]
		</div>
	</div>
	
	<span class=""t-radius""></span>
	<span class=""b-radius""></span>
	[@phoenix_directive_phoenix_excludePageStatic]
		[@web_javascript collect=""true"" pm_script=""${component.widgetClass!}"" jumpTo=""${settingId!}""]
			$(function(){
				[#--//目录导航折叠效果--]
				function videocategoryThumbToggle(_obj){
					$(_obj + "" .sitewidget-hd"").unbind(""click"").bind(""click"", function(){
						if ($(_obj + "" .sitewidget-bd"").css(""display"") == ""none"" || $(_obj + "" .sitewidget-bd"").hasClass(""displayed"")) {
							if ($(_obj + "" .sitewidget-bd"").is("":hidden"")) {
								$(this).find("".sitewidget-thumb"").removeClass(""todown"").addClass(""toup"");
							}
							else {
								$(this).find("".sitewidget-thumb"").removeClass(""toup"").addClass(""todown"");
							}
							$(_obj + "" .sitewidget-bd"").slideToggle().toggleClass(""displayed"");
							// $(this).find("".sitewidget-thumb"").toggleClass(""closed"");
						}
					});
				}
				
			    videocategoryThumbToggle("".${component.widgetClass}"");
				[#if component.videoCatebtnOpenStyle??]
				$("".${component.widgetClass} .artLi.on"").parents("".artLi"").each(function(){
					$(this).addClass(""on"");
				})
				[/#if]
			})
		[/@web_javascript]
	[/@phoenix_directive_phoenix_excludePageStatic]
	[@phoenix_directive_phoenix_excludePageStatic]
	[#--设置菜单展开效果--]
		[@web_javascript collect=""true"" pm_script=""${component.widgetClass!}"" jumpTo=""${settingId!}""]
			(function(window, $, undefined){
				$(function(){
					[#if !component.cateShowStyle?? || component.cateShowStyle == '7' || component.cateShowStyle == '11' || component.cateShowStyle == '14']
						$('.${component.widgetClass} .with-submenu,.${component.widgetClass} .submenu-default-gray').slightSubmenu({buttonActivateEvents: 'click click',submenuOpeneTime:400});
						$('.${component.widgetClass} .submenu-default-simple').slightSubmenu({buttonActivateEvents: 'click click',submenuOpeneTime:10});
						[#if component.videoCatebtnOpenStyle?? && component.videoCatebtnOpenStyle != ""0""] 
							[#--设置菜单展开效果--]
							[#if component.videoCatebtnOpenStyle == ""1""]
								var showList = $('.${component.widgetClass} .submenu-default-simple').find("">.li-with-ul"");
							[#elseif component.videoCatebtnOpenStyle == ""2""]
								var showList = $('.${component.widgetClass} .sitewidget-bd > .submenu-default-simple').find("">.li-with-ul"");
							[/#if]
							showList.addClass(""submenuUlShow"").find("">.slight-submenu-button"").addClass(""opened"");
							showList.find("">ul"").show();
						[/#if]
					[/#if]
				});
				[#--点击链接后展开二级组--]
				$(function() {
					var subListOn = $("".${component.widgetClass} .slight-submenu-wrap ul .on"");
					if(subListOn.length){
						subListOn.parent().show();
						subListOn.parent().siblings("".slight-submenu-button"").addClass(""opened"");
					}
				});
			})(window, jQuery);
		[/@web_javascript]
		[#--设置菜单展开效果--]
		[#include ""/phoenix/lab/component_labjs_include.html"" /]
	[/@phoenix_directive_phoenix_excludePageStatic]
[#-- 后台组件包裹框注册.script节点一定要在组件div内--]
[@web_backend]
	[@web_javascript]
		(function(window,jQuery,undefined){
			// 组件包裹框注册
			$(function(){
				$_phoenix.pagefunc.component_management.setup('${settingId!''}',{title: '[@phoenix_directive_i18n code=""component_alias_name_${component.componentAlias!}"" txt=""${component.componentName!}""/]'});
			});
		})(window,jQuery)
	[/@web_javascript]
[/@web_backend]
</div>
[/@phoenix_component]","-1","20211101135359","11254","2020-05-14 16:38:04","429524","易永杰","2021-11-01 13:53:23","391501","胡开成","-1","0"
"124744","1","view_default.html","[@phoenix_component settingId=""${settingId!''}"" relationCommonId=""${relationCommonId!''}""]
[@web_depand_component_sourceMap uuid=""${component.componentAlias!}${settingId!}"" settingId=""${settingId!}"" componentAlias=""${component.componentAlias!''}"" /]
<div class=""backstage-stwidgets-settingwrap"" scope=""${scope}"" settingId=""${settingId!''}"" id=""component_${settingId!''}"" relationCommonId=""${relationCommonId!''}"" classAttr=""${component.widgetClass}"">
	<div class=""sitewidget-videocategory category-default-simple ${component.widgetClass}"">
		[#if !phoenix_method_isFresh(component.componentAlias!,settingId!,component.componentUpdateVersion!)]
			[#include ""style.html"" /]
		[/#if]
		[#if component.componentTitle??]
		<div class=""sitewidget-hd"">
			[#-- ==组件标题块==   如果没有componentTitle参数，请删除这段 [#if] --]
			<h2>
				<strong>${component.componentTitle!?html}</strong>
			</h2>
		</div>
		[/#if]
		<div class=""sitewidget-bd"">
			[@web_backend]
			<a class=""hide"" href=""javascript:;"">&nbsp;</a>
			[/@web_backend]
			[@table_select showType=""2"" selectCateIds=""${component.videoCate_ids!''}"" serviceName=""phoenixFrontemdVideoService"" selectVideoCateType=""${component.selectVideoCateType!'0'}"" videoGroupId=""${infoGroupId!''}""]
			[#assign cateStyle=""with-submenu""]
			[#assign firstUlStyle=""slight-submenu-wrap""]
			[#assign cateUlId=""""]
			[#assign cateStyle=""submenu-default-simple""]

			<ul id=""${cateUlId}"" class=""${cateStyle} ${firstUlStyle} 33333"">
				<!-- 风格展示  -->
				[#if component.cateShowStyle?? && component.cateShowStyle == '7'] 
					[#include ""cateShowStyle7.html""]
				[/#if]
				[#if component.cateShowStyle?? && component.cateShowStyle == '11'] 
					[#include ""cateShowStyle11.html""]
					[#include ""style11.css""]
				[/#if]
				[#if component.cateShowStyle?? && component.cateShowStyle == '14']
					[#include ""cateShowStyle14.html""]
				[/#if]
				<!-- 风格展示  -->
			</ul>
			[/@table_select]
		</div>
	</div>
	
	<span class=""t-radius""></span>
	<span class=""b-radius""></span>
		[@web_javascript collect=""true"" pm_script=""${component.widgetClass!}"" jumpTo=""${settingId!}""]
			$(function(){
				[#--//目录导航折叠效果--]
				function videocategoryThumbToggle(_obj){
					$(_obj + "" .sitewidget-hd"").unbind(""click"").bind(""click"", function(){
						if ($(_obj + "" .sitewidget-bd"").css(""display"") == ""none"" || $(_obj + "" .sitewidget-bd"").hasClass(""displayed"")) {
							if ($(_obj + "" .sitewidget-bd"").is("":hidden"")) {
								$(this).find("".sitewidget-thumb"").removeClass(""todown"").addClass(""toup"");
							}
							else {
								$(this).find("".sitewidget-thumb"").removeClass(""toup"").addClass(""todown"");
							}
							$(_obj + "" .sitewidget-bd"").slideToggle().toggleClass(""displayed"");
							// $(this).find("".sitewidget-thumb"").toggleClass(""closed"");
						}
					});
				}
				
			    videocategoryThumbToggle("".${component.widgetClass}"");
				[#if component.videoCatebtnOpenStyle??]
				$("".${component.widgetClass} .artLi.on"").parents("".artLi"").each(function(){
					$(this).addClass(""on"");
				})
				[/#if]
			})
		[/@web_javascript]
	[#--设置菜单展开效果--]
		[@web_javascript collect=""true"" pm_script=""${component.widgetClass!}"" jumpTo=""${settingId!}""]
			(function(window, $, undefined){
				$(function(){
					[#if !component.cateShowStyle?? || component.cateShowStyle == '7' || component.cateShowStyle == '11' || component.cateShowStyle == '14']
						$('.${component.widgetClass} .with-submenu,.${component.widgetClass} .submenu-default-gray').slightSubmenu({buttonActivateEvents: 'click click',submenuOpeneTime:400});
						$('.${component.widgetClass} .submenu-default-simple').slightSubmenu({buttonActivateEvents: 'click click',submenuOpeneTime:10});
						[#if component.videoCatebtnOpenStyle?? && component.videoCatebtnOpenStyle != ""0""] 
							[#--设置菜单展开效果--]
							[#if component.videoCatebtnOpenStyle == ""1""]
								var showList = $('.${component.widgetClass} .submenu-default-simple').find("">.li-with-ul"");
							[#elseif component.videoCatebtnOpenStyle == ""2""]
								var showList = $('.${component.widgetClass} .sitewidget-bd > .submenu-default-simple').find("">.li-with-ul"");
							[/#if]
							showList.addClass(""submenuUlShow"").find("">.slight-submenu-button"").addClass(""opened"");
							showList.find("">ul"").show();
						[/#if]
					[/#if]
				});
				[#--点击链接后展开二级组--]
				$(function() {
					var subListOn = $("".${component.widgetClass} .slight-submenu-wrap ul .on"");
					if(subListOn.length){
						subListOn.parent().show();
						subListOn.parent().siblings("".slight-submenu-button"").addClass(""opened"");
					}
				});
			})(window, jQuery);
		[/@web_javascript]
		[#--设置菜单展开效果--]
		[#include ""/phoenix/lab/component_labjs_include.html"" /]
[#-- 后台组件包裹框注册.script节点一定要在组件div内--]
[@web_backend]
	[@web_javascript]
		(function(window,jQuery,undefined){
			// 组件包裹框注册
			$(function(){
				$_phoenix.pagefunc.component_management.setup('${settingId!''}',{title: '[@phoenix_directive_i18n code=""component_alias_name_${component.componentAlias!}"" txt=""${component.componentName!}""/]'});
			});
		})(window,jQuery)
	[/@web_javascript]
[/@web_backend]
</div>
[/@phoenix_component]","-1","20211101154748","11254","2020-05-14 16:38:04","429524","易永杰","2021-11-01 15:47:14","391501","胡开成","-1","0"
"135274","1","view_default.html","[@web_depand_component_sourceMap uuid=""${component.componentAlias!}${settingId!}"" componentAlias=""${component.componentAlias!''}"" /]
<div class=""asd"" style=""display:none""></div>
<div class=""backstage-stwidgets-settingwrap"" scope=""${scope}"" settingId=""${settingId!''}"" id=""component_${settingId!''}"" relationCommonId=""${relationCommonId!''}"" classAttr=""${component.widgetClass}"">
	<div class=""sitewidget-video_detail ${component.widgetClass}"">
		<div class=""sitewidget-hd""><h2>${component.componentTitle!?html}</h2></div>
		<div  class=""sitewidget-bd"">
			[@table_select showType=""1""  serviceName=""phoenixFrontemdVideoService"" videoId=""${videoId!''}""]
                [#if table_data??]
                <div class=""video_detail"">
                      <div class=""video_detail_paly"">
                        <input type=""hidden"" name=""flag"" value=""${table_data.showFlag}""> 
                        [#if table_data.showFlag=='0']
                            <div class=""video_detail_palying showFlag0"">
                                [@s.m ""FLKpUAfANfAg_thisVideoIsDown"" /]
                            </div>
                        [#else]
                            [#if table_data.contents??]
                                [#list table_data.contents as cate]
                                <div class=""video_detail_palying"">
                                    [#if cate.videoId?? && cate.videoId == '']
                                        <iframe class=""iframe_detail_palying_src"" src='${table_data.thirdPartyLink!''}' frameborder=""0"" scrolling=""no"" height=""500px"" width=""100%""></iframe>
                                    [#else]
                                        <video id=""video_detail_play_${cate_index}"" class=""video_detail_palying_src video-js"" style=""max-width:100%;display:block;margin:0 auto"" controls="""" name=""media"" src=""""></video>
                                    [/#if]


                                </div>
                                <div class=""video_detail_name"">${cate.name!''}</div>
                                <div class=""video_detail_desc"">${cate.desc!''}</div>
                                <div class=""video_detail_desc"">${cate.id!''}</div>
                                [/#list]
                            [/#if]
                        [/#if]
                        </div>
                </div>
                [#else]
                    [@web_backend]
            			[@s.m ""FLKpUAfANfAg_component_cont_txt_video_detail1"" /]
                    [/@web_backend]
                [/#if]

            	[#-- 视频详情结构化数据 --]
            	<script type=""application/ld+json"">${JSONLD!''}</script>
            	[@web_frontend]
                    [@web_javascript]   
                        (function(window,$,undefined){
                            $(function(){
                                if('${table_data.contents[0].videoId!''}' == ''){
                                    $('#'+'component_${settingId!''}').find("".iframe_detail_palying_src"").css('max-width','960px')
                                    $('#'+'component_${settingId!''}').find("".iframe_detail_palying_src"").css('max-height','540px')
                                    $('#'+'component_${settingId!''}').find("".iframe_detail_palying_src"").css('min-height','400px')
                                    $('#'+'component_${settingId!''}').find("".iframe_detail_palying_src"").css('width','100%')
                                    return false;
                                }else{
                                    <!-- console.log(""${table_data.contents[0].videoId!''}"",'loacalVideoSrc') -->
                                    <!-- phoenixSite.videoDetail.videoUrl('${table_data.contents[0].videoId!''}','upload'); -->
                                    <!-- console.log('loacalVideoSrccccccccccc') -->

                                    $('#'+'component_${settingId!''}').find("".iframe_detail_palying_src"").hide()
                                    var url = ' /phoenix/admin/video/url?photoId=' + '${table_data.contents[0].videoId!''}';
                                    $.ajax({
                                        url: url,
                                        type: 'get',
                                        success: function(xhr) {
                                            var data = JSON.parse(xhr);
                                            $('#'+'component_${settingId!''}').find("".video_detail_palying_src"").each(function(i) {
                                                
                                                if (data.video_url) {
                                                    var httpU1 = data.video_url.substring(0, 2);
                                                    var httpU2 = data.video_url.substring(0, 4);
                                                    var httpU3 = data.video_url.substring(0, 5);
                                                    if (httpU1 == '//' || 'http' == httpU2 || 'https' == httpU3) {
                                                        
                                                        $(this).attr('src', data.video_url);
                                                        
                                                    } else {
                                                        $(this).attr('src', '//' + data.video_url);
                                                    }
                                                    var video_type = 'video/mp4';
                                                    if(data.video_url.indexOf('mediaType=m3u8') > -1){
                                                        video_type = 'application/x-mpegURL';
                                                    }
                                                    videojs('#video_detail_play_'+i,{
                                                        muted:false,
                                                        sources:[{
                                                            src:data.video_url,
                                                            type:video_type
                                                        }]
                                                    })
                                                }
                                            });
                                        }
                                    });
                                    return false;
                                }
                                
                            });
                        })(window,jQuery)
                    [/@web_javascript]
            	[/@web_frontend]
			[/@table_select]
            
		</div>
	</div>
	[#-- 后台组件包裹框注册.script节点一定要在组件div内--]
	[@web_backend]
		[@web_javascript auto_delete='false']
			(function(window,jQuery,undefined){
				// 组件包裹框注册
				$(function(){
					$_phoenix.pagefunc.component_management.setup('${settingId!''}',{title: '[@phoenix_directive_i18n code=""component_alias_name_${component.videoDetail!}"" txt=""${component.componentName!}""/]'});
				});
			})(window,jQuery)
		[/@web_javascript]
	[/@web_backend]
</div>","-1","20211218132548","3001","2018-09-11 16:37:01","183491","demo-guoxiaotian","2021-12-18 12:09:07","7310564","chenhuawei","-1","0"
"135294","1","view_default.html","[@web_depand_component_sourceMap uuid=""${component.componentAlias!}${settingId!}"" componentAlias=""${component.componentAlias!''}"" /]
<div class=""asd"" style=""display:none""></div>
<div class=""backstage-stwidgets-settingwrap"" scope=""${scope}"" settingId=""${settingId!''}"" id=""component_${settingId!''}"" relationCommonId=""${relationCommonId!''}"" classAttr=""${component.widgetClass}"">
	<div class=""sitewidget-video_detail ${component.widgetClass}"">
		<div class=""sitewidget-hd""><h2>${component.componentTitle!?html}</h2></div>
		<div  class=""sitewidget-bd"">
			[@table_select showType=""1""  serviceName=""phoenixFrontemdVideoService"" videoId=""${videoId!''}""]
                [#if table_data??]
                <div class=""video_detail"">
                      <div class=""video_detail_paly"">
                        <input type=""hidden"" name=""flag"" value=""${table_data.showFlag}""> 
                        [#if table_data.showFlag=='0']
                            <div class=""video_detail_palying showFlag0"">
                                [@s.m ""FLKpUAfANfAg_thisVideoIsDown"" /]
                            </div>
                        [#else]
                            [#if table_data.contents??]
                                [#list table_data.contents as cate]
                                <div class=""video_detail_palying"">
                                    [#if cate.videoId?? && cate.videoId == '']
                                        <iframe class=""iframe_detail_palying_src"" src='${table_data.thirdPartyLink!''}' frameborder=""0"" scrolling=""no"" height=""500px"" width=""100%""></iframe>
                                    [#else]
                                        <video id=""video_detail_play_${cate_index}"" class=""video_detail_palying_src video-js"" style=""max-width:100%;display:block;margin:0 auto"" controls="""" name=""media"" src=""""></video>
                                    [/#if]


                                </div>
                                <div class=""video_detail_name"">${cate.name!''}</div>
                                <div class=""video_detail_desc"">${cate.desc!''}</div>
                                <div class=""video_detail_desc"">${cate.id!''}</div>
                                [/#list]
                            [/#if]
                        [/#if]
                        </div>
                </div>
                [#else]
                    [@web_backend]
            			[@s.m ""FLKpUAfANfAg_component_cont_txt_video_detail1"" /]
                    [/@web_backend]
                [/#if]

            	[#-- 视频详情结构化数据 --]
            	<script type=""application/ld+json"">${JSONLD!''}</script>
            	[@web_frontend]
                    [@web_javascript]   
                        (function(window,$,undefined){
                            $(function(){
                                if('${table_data.contents[0].videoId!''}' == ''){
                                    $('#'+'component_${settingId!''}').find("".iframe_detail_palying_src"").css('max-width','960px')
                                    $('#'+'component_${settingId!''}').find("".iframe_detail_palying_src"").css('max-height','540px')
                                    $('#'+'component_${settingId!''}').find("".iframe_detail_palying_src"").css('min-height','400px')
                                    $('#'+'component_${settingId!''}').find("".iframe_detail_palying_src"").css('width','100%')
                                    return false;
                                }else{
                                    <!-- console.log(""${table_data.contents[0].videoId!''}"",'loacalVideoSrc') -->
                                    <!-- phoenixSite.videoDetail.videoUrl('${table_data.contents[0].videoId!''}','upload'); -->
                                    <!-- console.log('loacalVideoSrccccccccccc') -->

                                    $('#'+'component_${settingId!''}').find("".iframe_detail_palying_src"").hide()
                                    var url = ' /phoenix/admin/video/url?photoId=' + '${table_data.contents[0].videoId!''}';
                                    $.ajax({
                                        url: url,
                                        type: 'get',
                                        success: function(xhr) {
                                            var data = JSON.parse(xhr);
                                            $('#'+'component_${settingId!''}').find("".video_detail_palying_src"").each(function(i) {
                                                
                                                if (data.video_url) {
                                                    var httpU1 = data.video_url.substring(0, 2);
                                                    var httpU2 = data.video_url.substring(0, 4);
                                                    var httpU3 = data.video_url.substring(0, 5);
                                                    if (httpU1 == '//' || 'http' == httpU2 || 'https' == httpU3) {
                                                        
                                                        $(this).attr('src', data.video_url);
                                                        
                                                    } else {
                                                        $(this).attr('src', '//' + data.video_url);
                                                    }
                                                    <!--var video_type = 'video/mp4';
                                                    if(data.video_url.indexOf('mediaType=m3u8') > -1){
                                                        video_type = 'application/x-mpegURL';
                                                    }
                                                    videojs('#video_detail_play_'+i,{
                                                        muted:false,
                                                        sources:[{
                                                            src:data.video_url,
                                                            type:video_type
                                                        }]
                                                    })-->
                                                }
                                            });
                                        }
                                    });
                                    return false;
                                }
                                
                            });
                        })(window,jQuery)
                    [/@web_javascript]
            	[/@web_frontend]
			[/@table_select]
            
		</div>
	</div>
	[#-- 后台组件包裹框注册.script节点一定要在组件div内--]
	[@web_backend]
		[@web_javascript auto_delete='false']
			(function(window,jQuery,undefined){
				// 组件包裹框注册
				$(function(){
					$_phoenix.pagefunc.component_management.setup('${settingId!''}',{title: '[@phoenix_directive_i18n code=""component_alias_name_${component.videoDetail!}"" txt=""${component.componentName!}""/]'});
				});
			})(window,jQuery)
		[/@web_javascript]
	[/@web_backend]
</div>","-1","20211218133125","3001","2018-09-11 16:37:01","183491","demo-guoxiaotian","2021-12-18 13:31:09","7310564","chenhuawei","-1","0"
"135314","1","view_default.html","[@web_depand_component_sourceMap uuid=""${component.componentAlias!}${settingId!}"" componentAlias=""${component.componentAlias!''}"" /]
<div class=""asd"" style=""display:none""></div>
<div class=""backstage-stwidgets-settingwrap"" scope=""${scope}"" settingId=""${settingId!''}"" id=""component_${settingId!''}"" relationCommonId=""${relationCommonId!''}"" classAttr=""${component.widgetClass}"">
	<div class=""sitewidget-video_detail ${component.widgetClass}"">
		<div class=""sitewidget-hd""><h2>${component.componentTitle!?html}</h2></div>
		<div  class=""sitewidget-bd"">
			[@table_select showType=""1""  serviceName=""phoenixFrontemdVideoService"" videoId=""${videoId!''}""]
                [#if table_data??]
                <div class=""video_detail"">
                      <div class=""video_detail_paly"">
                        <input type=""hidden"" name=""flag"" value=""${table_data.showFlag}""> 
                        [#if table_data.showFlag=='0']
                            <div class=""video_detail_palying showFlag0"">
                                [@s.m ""FLKpUAfANfAg_thisVideoIsDown"" /]
                            </div>
                        [#else]
                            [#if table_data.contents??]
                                [#list table_data.contents as cate]
                                <div class=""video_detail_palying"">
                                    [#if cate.videoId?? && cate.videoId == '']
                                        <iframe class=""iframe_detail_palying_src"" src='${table_data.thirdPartyLink!''}' frameborder=""0"" scrolling=""no"" height=""500px"" width=""100%""></iframe>
                                    [#else]
                                        <video id=""video_detail_play_${cate_index}"" class=""video_detail_palying_src video-js"" style=""max-width:100%;display:block;margin:0 auto"" controls="""" name=""media"" src=""""></video>
                                    [/#if]


                                </div>
                                <div class=""video_detail_name"">${cate.name!''}</div>
                                <div class=""video_detail_desc"">${cate.desc!''}</div>
                                <div class=""video_detail_desc"">${cate.id!''}</div>
                                [/#list]
                            [/#if]
                        [/#if]
                        </div>
                </div>
                [#else]
                    [@web_backend]
            			[@s.m ""FLKpUAfANfAg_component_cont_txt_video_detail1"" /]
                    [/@web_backend]
                [/#if]

            	[#-- 视频详情结构化数据 --]
            	<script type=""application/ld+json"">${JSONLD!''}</script>
            	[@web_frontend]
                    [@web_javascript]   
                        (function(window,$,undefined){
                            $(function(){
                                if('${table_data.contents[0].videoId!''}' == ''){
                                    $('#'+'component_${settingId!''}').find("".iframe_detail_palying_src"").css('max-width','960px')
                                    $('#'+'component_${settingId!''}').find("".iframe_detail_palying_src"").css('max-height','540px')
                                    $('#'+'component_${settingId!''}').find("".iframe_detail_palying_src"").css('min-height','400px')
                                    $('#'+'component_${settingId!''}').find("".iframe_detail_palying_src"").css('width','100%')
                                    return false;
                                }else{
                                    <!-- console.log(""${table_data.contents[0].videoId!''}"",'loacalVideoSrc') -->
                                    <!-- phoenixSite.videoDetail.videoUrl('${table_data.contents[0].videoId!''}','upload'); -->
                                    <!-- console.log('loacalVideoSrccccccccccc') -->

                                    $('#'+'component_${settingId!''}').find("".iframe_detail_palying_src"").hide()
                                    var url = ' /phoenix/admin/video/url?photoId=' + '${table_data.contents[0].videoId!''}';
                                    $.ajax({
                                        url: url,
                                        type: 'get',
                                        success: function(xhr) {
                                            var data = JSON.parse(xhr);
                                            $('#'+'component_${settingId!''}').find("".video_detail_palying_src"").each(function(i) {
                                                
                                                if (data.video_url) {
                                                    var httpU1 = data.video_url.substring(0, 2);
                                                    var httpU2 = data.video_url.substring(0, 4);
                                                    var httpU3 = data.video_url.substring(0, 5);
                                                    if (httpU1 == '//' || 'http' == httpU2 || 'https' == httpU3) {
                                                        
                                                        $(this).attr('src', data.video_url);
                                                        
                                                    } else {
                                                        $(this).attr('src', '//' + data.video_url);
                                                    }
     
                                                }
                                            });
                                        }
                                    });
                                    return false;
                                }
                                
                            });
                        })(window,jQuery)
                    [/@web_javascript]
            	[/@web_frontend]
			[/@table_select]
            
		</div>
	</div>
	[#-- 后台组件包裹框注册.script节点一定要在组件div内--]
	[@web_backend]
		[@web_javascript auto_delete='false']
			(function(window,jQuery,undefined){
				// 组件包裹框注册
				$(function(){
					$_phoenix.pagefunc.component_management.setup('${settingId!''}',{title: '[@phoenix_directive_i18n code=""component_alias_name_${component.videoDetail!}"" txt=""${component.componentName!}""/]'});
				});
			})(window,jQuery)
		[/@web_javascript]
	[/@web_backend]
</div>","-1","20211218133442","3001","2018-09-11 16:37:01","183491","demo-guoxiaotian","2021-12-18 13:34:24","7310564","chenhuawei","-1","0"
"135334","1","view_default.html","[@web_depand_component_sourceMap uuid=""${component.componentAlias!}${settingId!}"" componentAlias=""${component.componentAlias!''}"" /]
<div class=""asd"" style=""display:none""></div>
<div class=""backstage-stwidgets-settingwrap"" scope=""${scope}"" settingId=""${settingId!''}"" id=""component_${settingId!''}"" relationCommonId=""${relationCommonId!''}"" classAttr=""${component.widgetClass}"">
	<div class=""sitewidget-video_detail ${component.widgetClass}"">
		<div class=""sitewidget-hd""><h2>${component.componentTitle!?html}</h2></div>
		<div  class=""sitewidget-bd"">
			[@table_select showType=""1""  serviceName=""phoenixFrontemdVideoService"" videoId=""${videoId!''}""]
                [#if table_data??]
                <div class=""video_detail"">
                      <div class=""video_detail_paly"">
                        <input type=""hidden"" name=""flag"" value=""${table_data.showFlag}""> 
                        [#if table_data.showFlag=='0']
                            <div class=""video_detail_palying showFlag0"">
                                [@s.m ""FLKpUAfANfAg_thisVideoIsDown"" /]
                            </div>
                        [#else]
                            [#if table_data.contents??]
                                [#list table_data.contents as cate]
                                <div class=""video_detail_palying"">
                                    [#if cate.videoId?? && cate.videoId == '']
                                        <iframe class=""iframe_detail_palying_src"" src='${table_data.thirdPartyLink!''}' frameborder=""0"" scrolling=""no"" height=""500px"" width=""100%""></iframe>
                                    [#else]
                                        <video id=""video_detail_play_${cate_index}"" class=""video_detail_palying_src video-js"" style=""max-width:100%;display:block;margin:0 auto"" controls="""" name=""media"" src=""""></video>
                                    [/#if]


                                </div>
                                <div class=""video_detail_name"">${cate.name!''}</div>
                                <div class=""video_detail_desc"">${cate.desc!''}</div>
                                <div class=""video_detail_desc"">${cate.id!''}</div>
                                [/#list]
                            [/#if]
                        [/#if]
                        </div>
                </div>
                [#else]
                    [@web_backend]
            			[@s.m ""FLKpUAfANfAg_component_cont_txt_video_detail1"" /]
                    [/@web_backend]
                [/#if]

            	[#-- 视频详情结构化数据 --]
            	<script type=""application/ld+json"">${JSONLD!''}</script>
            	[@web_frontend]
                    [@web_javascript]   
                        (function(window,$,undefined){
                            $(function(){
                                if('${table_data.contents[0].videoId!''}' == ''){
                                    $('#'+'component_${settingId!''}').find("".iframe_detail_palying_src"").css('max-width','960px')
                                    $('#'+'component_${settingId!''}').find("".iframe_detail_palying_src"").css('max-height','540px')
                                    $('#'+'component_${settingId!''}').find("".iframe_detail_palying_src"").css('min-height','400px')
                                    $('#'+'component_${settingId!''}').find("".iframe_detail_palying_src"").css('width','100%')
                                    return false;
                                }else{
                                    <!-- console.log(""${table_data.contents[0].videoId!''}"",'loacalVideoSrc') -->
                                    <!-- phoenixSite.videoDetail.videoUrl('${table_data.contents[0].videoId!''}','upload'); -->
                                    <!-- console.log('loacalVideoSrccccccccccc') -->

                                    $('#'+'component_${settingId!''}').find("".iframe_detail_palying_src"").hide()
                                    var url = ' /phoenix/admin/video/url?photoId=' + '${table_data.contents[0].videoId!''}';
                                    $.ajax({
                                        url: url,
                                        type: 'get',
                                        success: function(xhr) {
                                            var data = JSON.parse(xhr);
                                            $('#'+'component_${settingId!''}').find("".video_detail_palying_src"").each(function(i) {
                                                
                                                if (data.video_url) {
                                                    var httpU1 = data.video_url.substring(0, 2);
                                                    var httpU2 = data.video_url.substring(0, 4);
                                                    var httpU3 = data.video_url.substring(0, 5);
                                                    if (httpU1 == '//' || 'http' == httpU2 || 'https' == httpU3) {
                                                        
                                                        $(this).attr('src', data.video_url);
                                                        
                                                    } else {
                                                        $(this).attr('src', '//' + data.video_url);
                                                    }
                                                    var video_type = 'video/mp4';
                                                    if(data.video_url.indexOf('mediaType=m3u8') > -1){
                                                        video_type = 'application/x-mpegURL';
                                                    }
                                                    if (videojs != undefined) {
                                                        videojs('#video_detail_play_'+i,{
                                                            muted:false,
                                                            sources:[{
                                                                src:data.video_url,
                                                                type:video_type
                                                            }]
                                                        })
                                                    }
                                                }
                                            });
                                        }
                                    });
                                    return false;
                                }
                                
                            });
                        })(window,jQuery)
                    [/@web_javascript]
            	[/@web_frontend]
			[/@table_select]
            
		</div>
	</div>
	[#-- 后台组件包裹框注册.script节点一定要在组件div内--]
	[@web_backend]
		[@web_javascript auto_delete='false']
			(function(window,jQuery,undefined){
				// 组件包裹框注册
				$(function(){
					$_phoenix.pagefunc.component_management.setup('${settingId!''}',{title: '[@phoenix_directive_i18n code=""component_alias_name_${component.videoDetail!}"" txt=""${component.componentName!}""/]'});
				});
			})(window,jQuery)
		[/@web_javascript]
	[/@web_backend]
</div>","-1","20211218134335","3001","2018-09-11 16:37:01","183491","demo-guoxiaotian","2021-12-18 13:43:16","7310564","chenhuawei","-1","0"
"135354","1","view_default.html","[@phoenix_component settingId=""${settingId!''}"" relationCommonId=""${relationCommonId!''}""]
[@web_depand_component_sourceMap uuid=""${component.componentAlias!}${settingId!}"" settingId=""${settingId!}"" componentAlias=""${component.componentAlias!''}"" /]
<div class=""asd"" style=""display:none""></div>
<div class=""backstage-stwidgets-settingwrap"" scope=""${scope}"" settingId=""${settingId!''}"" id=""component_${settingId!''}"" relationCommonId=""${relationCommonId!''}"" classAttr=""${component.widgetClass}"">
	<div class=""sitewidget-video_detail ${component.widgetClass}"">
		<div class=""sitewidget-hd""><h2>${component.componentTitle!?html}</h2></div>
		<div  class=""sitewidget-bd"">
			[@table_select showType=""1""  serviceName=""phoenixFrontemdVideoService"" videoId=""${videoId!''}""]
                [#if table_data??]
                <div class=""video_detail"">
                      <div class=""video_detail_paly"">
                        <input type=""hidden"" name=""flag"" value=""${table_data.showFlag}""> 
                        [#if table_data.showFlag=='0']
                            <div class=""video_detail_palying showFlag0"">
                                [@s.m ""FLKpUAfANfAg_thisVideoIsDown"" /]
                            </div>
                        [#else]
                            [#if table_data.contents??]
                                [#list table_data.contents as cate]
                                <div class=""video_detail_palying"">
                                    [#if cate.videoId?? && cate.videoId == '']
                                        <iframe class=""iframe_detail_palying_src"" src='${table_data.thirdPartyLink!''}' frameborder=""0"" scrolling=""no"" height=""500px"" width=""100%""></iframe>
                                    [#else]
                                        <video id=""video_detail_play_${cate_index}"" class=""video_detail_palying_src video-js"" style=""max-width:100%;display:block;margin:0 auto"" controls="""" name=""media"" src=""""></video>
                                    [/#if]


                                </div>
                                <div class=""video_detail_name"">${cate.name!''}</div>
                                <div class=""video_detail_desc"">${cate.desc!''}</div>
                                <div class=""video_detail_desc"">${cate.id!''}</div>
                                [/#list]
                            [/#if]
                        [/#if]
                        </div>
                </div>
                [#else]
                    [@web_backend]
            			[@s.m ""FLKpUAfANfAg_component_cont_txt_video_detail1"" /]
                    [/@web_backend]
                [/#if]

            	[#-- 视频详情结构化数据 --]
            	<script type=""application/ld+json"">${JSONLD!''}</script>
            	[@web_frontend]
                    [@web_javascript]   
                        (function(window,$,undefined){
                            $(function(){
                                if('${table_data.contents[0].videoId!''}' == ''){
                                    $('#'+'component_${settingId!''}').find("".iframe_detail_palying_src"").css('max-width','960px')
                                    $('#'+'component_${settingId!''}').find("".iframe_detail_palying_src"").css('max-height','540px')
                                    $('#'+'component_${settingId!''}').find("".iframe_detail_palying_src"").css('min-height','400px')
                                    $('#'+'component_${settingId!''}').find("".iframe_detail_palying_src"").css('width','100%')
                                    return false;
                                }else{
                                    <!-- console.log(""${table_data.contents[0].videoId!''}"",'loacalVideoSrc') -->
                                    <!-- phoenixSite.videoDetail.videoUrl('${table_data.contents[0].videoId!''}','upload'); -->
                                    <!-- console.log('loacalVideoSrccccccccccc') -->

                                    $('#'+'component_${settingId!''}').find("".iframe_detail_palying_src"").hide()
                                    var url = ' /phoenix/admin/video/url?photoId=' + '${table_data.contents[0].videoId!''}';
                                    $.ajax({
                                        url: url,
                                        type: 'get',
                                        success: function(xhr) {
                                            var data = JSON.parse(xhr);
                                            $('#'+'component_${settingId!''}').find("".video_detail_palying_src"").each(function(i) {
                                                
                                                if (data.video_url) {
                                                    var httpU1 = data.video_url.substring(0, 2);
                                                    var httpU2 = data.video_url.substring(0, 4);
                                                    var httpU3 = data.video_url.substring(0, 5);
                                                    if (httpU1 == '//' || 'http' == httpU2 || 'https' == httpU3) {
                                                        
                                                        $(this).attr('src', data.video_url);
                                                        
                                                    } else {
                                                        $(this).attr('src', '//' + data.video_url);
                                                    }
                                                    var video_type = 'video/mp4';
                                                    if(data.video_url.indexOf('mediaType=m3u8') > -1){
                                                        video_type = 'application/x-mpegURL';
                                                    }
                                                    if (videojs != undefined) {
                                                        videojs('#video_detail_play_'+i,{
                                                            muted:false,
                                                            sources:[{
                                                                src:data.video_url,
                                                                type:video_type
                                                            }]
                                                        })
                                                    }
                                                }
                                            });
                                        }
                                    });
                                    return false;
                                }
                                
                            });
                        })(window,jQuery)
                    [/@web_javascript]
            	[/@web_frontend]
			[/@table_select]
            
		</div>
	</div>
	[#-- 后台组件包裹框注册.script节点一定要在组件div内--]
	[@web_backend]
		[@web_javascript auto_delete='false']
			(function(window,jQuery,undefined){
				// 组件包裹框注册
				$(function(){
					$_phoenix.pagefunc.component_management.setup('${settingId!''}',{title: '[@phoenix_directive_i18n code=""component_alias_name_${component.videoDetail!}"" txt=""${component.componentName!}""/]'});
				});
			})(window,jQuery)
		[/@web_javascript]
	[/@web_backend]
</div>
[#include ""/phoenix/lab/component_labjs_include.html"" /]
[/@phoenix_component]","-1","20211218135202","3001","2018-09-11 16:37:01","183491","demo-guoxiaotian","2021-12-18 13:51:40","7310564","chenhuawei","-1","0"
"135374","1","view_default.html","[@phoenix_component settingId=""${settingId!''}"" relationCommonId=""${relationCommonId!''}""]
[@web_depand_component_sourceMap uuid=""${component.componentAlias!}${settingId!}"" settingId=""${settingId!}"" componentAlias=""${component.componentAlias!''}"" /]
<div class=""asd"" style=""display:none""></div>
<div class=""backstage-stwidgets-settingwrap"" scope=""${scope}"" settingId=""${settingId!''}"" id=""component_${settingId!''}"" relationCommonId=""${relationCommonId!''}"" classAttr=""${component.widgetClass}"">
	<div class=""sitewidget-video_detail ${component.widgetClass}"">
		<div class=""sitewidget-hd""><h2>${component.componentTitle!?html}</h2></div>
		<div  class=""sitewidget-bd"">
			[@table_select showType=""1""  serviceName=""phoenixFrontemdVideoService"" videoId=""${videoId!''}""]
                [#if table_data??]
                <div class=""video_detail"">
                      <div class=""video_detail_paly"">
                        <input type=""hidden"" name=""flag"" value=""${table_data.showFlag}""> 
                        [#if table_data.showFlag=='0']
                            <div class=""video_detail_palying showFlag0"">
                                [@s.m ""FLKpUAfANfAg_thisVideoIsDown"" /]
                            </div>
                        [#else]
                            [#if table_data.contents??]
                                [#list table_data.contents as cate]
                                <div class=""video_detail_palying"">
                                    [#if cate.videoId?? && cate.videoId == '']
                                        <iframe class=""iframe_detail_palying_src"" src='${table_data.thirdPartyLink!''}' frameborder=""0"" scrolling=""no"" height=""500px"" width=""100%""></iframe>
                                    [#else]
                                        <video id=""video_detail_play_${cate_index}"" class=""video_detail_palying_src video-js"" style=""max-width:100%;display:block;margin:0 auto"" controls="""" name=""media"" src=""""></video>
                                    [/#if]


                                </div>
                                <div class=""video_detail_name"">${cate.name!''}</div>
                                <div class=""video_detail_desc"">${cate.desc!''}</div>
                                <div class=""video_detail_desc"">${cate.id!''}</div>
                                [/#list]
                            [/#if]
                        [/#if]
                        </div>
                </div>
                [#else]
                    [@web_backend]
            			[@s.m ""FLKpUAfANfAg_component_cont_txt_video_detail1"" /]
                    [/@web_backend]
                [/#if]

            	[#-- 视频详情结构化数据 --]
            	<script type=""application/ld+json"">${JSONLD!''}</script>
            	[@web_frontend]
                    [@web_javascript collect=""true"" pm_script=""${component.widgetClass!}"" jumpTo=""${settingId!}""]
                        (function(window,$,undefined){
                            $(function(){
                                if('${table_data.contents[0].videoId!''}' == ''){
                                    $('#'+'component_${settingId!''}').find("".iframe_detail_palying_src"").css('max-width','960px')
                                    $('#'+'component_${settingId!''}').find("".iframe_detail_palying_src"").css('max-height','540px')
                                    $('#'+'component_${settingId!''}').find("".iframe_detail_palying_src"").css('min-height','400px')
                                    $('#'+'component_${settingId!''}').find("".iframe_detail_palying_src"").css('width','100%')
                                    return false;
                                }else{
                                    <!-- console.log(""${table_data.contents[0].videoId!''}"",'loacalVideoSrc') -->
                                    <!-- phoenixSite.videoDetail.videoUrl('${table_data.contents[0].videoId!''}','upload'); -->
                                    <!-- console.log('loacalVideoSrccccccccccc') -->

                                    $('#'+'component_${settingId!''}').find("".iframe_detail_palying_src"").hide()
                                    var url = ' /phoenix/admin/video/url?photoId=' + '${table_data.contents[0].videoId!''}';
                                    $.ajax({
                                        url: url,
                                        type: 'get',
                                        success: function(xhr) {
                                            var data = JSON.parse(xhr);
                                            $('#'+'component_${settingId!''}').find("".video_detail_palying_src"").each(function(i) {
                                                
                                                if (data.video_url) {
                                                    var httpU1 = data.video_url.substring(0, 2);
                                                    var httpU2 = data.video_url.substring(0, 4);
                                                    var httpU3 = data.video_url.substring(0, 5);
                                                    if (httpU1 == '//' || 'http' == httpU2 || 'https' == httpU3) {
                                                        
                                                        $(this).attr('src', data.video_url);
                                                        
                                                    } else {
                                                        $(this).attr('src', '//' + data.video_url);
                                                    }
                                                    var video_type = 'video/mp4';
                                                    if(data.video_url.indexOf('mediaType=m3u8') > -1){
                                                        video_type = 'application/x-mpegURL';
                                                    }
                                                    if (videojs != undefined) {
                                                        videojs('#video_detail_play_'+i,{
                                                            muted:false,
                                                            sources:[{
                                                                src:data.video_url,
                                                                type:video_type
                                                            }]
                                                        })
                                                    }
                                                }
                                            });
                                        }
                                    });
                                    return false;
                                }
                                
                            });
                        })(window,jQuery)
                    [/@web_javascript]
            	[/@web_frontend]
			[/@table_select]
            
		</div>
	</div>
	[#-- 后台组件包裹框注册.script节点一定要在组件div内--]
	[@web_backend]
		[@web_javascript auto_delete='false']
			(function(window,jQuery,undefined){
				// 组件包裹框注册
				$(function(){
					$_phoenix.pagefunc.component_management.setup('${settingId!''}',{title: '[@phoenix_directive_i18n code=""component_alias_name_${component.videoDetail!}"" txt=""${component.componentName!}""/]'});
				});
			})(window,jQuery)
		[/@web_javascript]
	[/@web_backend]
</div>
[#include ""/phoenix/lab/component_labjs_include.html"" /]
[/@phoenix_component]","-1","20211218141113","3001","2018-09-11 16:37:01","183491","demo-guoxiaotian","2021-12-18 14:08:53","7310564","chenhuawei","-1","0"
"143334","1","view_default.html","[@phoenix_component settingId=""${settingId!''}"" relationCommonId=""${relationCommonId!''}""]
[@web_depand_component_sourceMap uuid=""${component.componentAlias!}${settingId!}"" settingId=""${settingId!}"" componentAlias=""${component.componentAlias!''}"" /]
<div class=""asd"" style=""display:none""></div>
<div class=""backstage-stwidgets-settingwrap"" scope=""${scope}"" settingId=""${settingId!''}"" id=""component_${settingId!''}"" relationCommonId=""${relationCommonId!''}"" classAttr=""${component.widgetClass}"">
	<div class=""sitewidget-video_detail ${component.widgetClass}"">
		<div class=""sitewidget-hd""><h2>${component.componentTitle!?html}</h2></div>
		<div  class=""sitewidget-bd"">
			[@table_select showType=""1""  serviceName=""phoenixFrontemdVideoService"" videoId=""${videoId!''}""]
                [#if table_data??]
                <div class=""video_detail"">
                      <div class=""video_detail_paly"">
                        <input type=""hidden"" name=""flag"" value=""${table_data.showFlag}""> 
                        [#if table_data.showFlag=='0']
                            <div class=""video_detail_palying showFlag0"">
                                [@s.m ""FLKpUAfANfAg_thisVideoIsDown"" /]
                            </div>
                        [#else]
                            [#if table_data.contents??]
                                [#list table_data.contents as cate]
                                <div class=""video_detail_palying"">
                                    [#if cate.videoId?? && cate.videoId == '']
                                        <iframe class=""iframe_detail_palying_src"" src='${table_data.thirdPartyLink!''}' frameborder=""0"" scrolling=""no"" height=""500px"" width=""100%""></iframe>
                                    [#else]
                                        <video id=""video_detail_play_${cate_index}"" class=""video_detail_palying_src video-js"" style=""max-width:100%;display:block;margin:0 auto"" controls="""" name=""media"" src=""""></video>
                                    [/#if]


                                </div>
                                <div class=""video_detail_name"">${cate.name!''}</div>
                                <div class=""video_detail_desc"">${cate.desc!''}</div>
                                <div class=""video_detail_desc"">${cate.id!''}</div>
                                [/#list]
                            [/#if]
                        [/#if]
                        </div>
                </div>
                [#else]
                    [@web_backend]
            			[@s.m ""FLKpUAfANfAg_component_cont_txt_video_detail1"" /]
                    [/@web_backend]
                [/#if]

            	[#-- 视频详情结构化数据 --]
            	<script type=""application/ld+json"">${JSONLD!''}</script>
            	[@web_frontend]
                    [@web_javascript collect=""true"" pm_script=""${component.widgetClass!}"" jumpTo=""${settingId!}""]
                        (function(window,$,undefined){
                            $(function(){
                                if('${table_data.contents[0].videoId!''}' == ''){
                                    $('#'+'component_${settingId!''}').find("".iframe_detail_palying_src"").css('max-width','960px')
                                    $('#'+'component_${settingId!''}').find("".iframe_detail_palying_src"").css('max-height','540px')
                                    $('#'+'component_${settingId!''}').find("".iframe_detail_palying_src"").css('min-height','400px')
                                    $('#'+'component_${settingId!''}').find("".iframe_detail_palying_src"").css('width','100%')
                                    return false;
                                }else{
                                    <!-- console.log(""${table_data.contents[0].videoId!''}"",'loacalVideoSrc') -->
                                    <!-- phoenixSite.videoDetail.videoUrl('${table_data.contents[0].videoId!''}','upload'); -->
                                    <!-- console.log('loacalVideoSrccccccccccc') -->

                                    $('#'+'component_${settingId!''}').find("".iframe_detail_palying_src"").hide()
                                    var url = ' /phoenix/admin/video/url?photoId=' + '${table_data.contents[0].videoId!''}';
                                    $.ajax({
                                        url: url,
                                        type: 'get',
                                        success: function(xhr) {
                                            var data = JSON.parse(xhr);
                                            $('#'+'component_${settingId!''}').find("".video_detail_palying_src"").each(function(i) {
                                                
                                                if (data.video_url) {
                                                    var httpU1 = data.video_url.substring(0, 2);
                                                    var httpU2 = data.video_url.substring(0, 4);
                                                    var httpU3 = data.video_url.substring(0, 5);
                                                    if (httpU1 == '//' || 'http' == httpU2 || 'https' == httpU3) {
                                                        
                                                        $(this).attr('src', data.video_url);
                                                        
                                                    } else {
                                                        $(this).attr('src', '//' + data.video_url);
                                                    }
                                                    var video_type = 'video/mp4';
                                                    if(data.video_url.indexOf('mediaType=m3u8') > -1){
                                                        video_type = 'application/x-mpegURL';
                                                    }
                                                    if (videojs != undefined) {
                                                        videojs('#video_detail_play_'+i,{
                                                            muted:true,
                                                            autoplay:true,
                                                            sources:[{
                                                                src:data.video_url,
                                                                type:video_type
                                                            }]
                                                        })
                                                    }
                                                }
                                            });
                                        }
                                    });
                                    return false;
                                }
                                
                            });
                        })(window,jQuery)
                    [/@web_javascript]
            	[/@web_frontend]
			[/@table_select]
            
		</div>
	</div>
	[#-- 后台组件包裹框注册.script节点一定要在组件div内--]
	[@web_backend]
		[@web_javascript auto_delete='false']
			(function(window,jQuery,undefined){
				// 组件包裹框注册
				$(function(){
					$_phoenix.pagefunc.component_management.setup('${settingId!''}',{title: '[@phoenix_directive_i18n code=""component_alias_name_${component.videoDetail!}"" txt=""${component.componentName!}""/]'});
				});
			})(window,jQuery)
		[/@web_javascript]
	[/@web_backend]
</div>
[#include ""/phoenix/lab/component_labjs_include.html"" /]
[/@phoenix_component]","-1","20220318092133","3001","2018-09-11 16:37:01","183491","demo-guoxiaotian","2022-03-09 14:43:22","7310394","王成强","-1","0"
"166194","1","view_default.html","[@phoenix_component settingId=""${settingId!''}"" relationCommonId=""${relationCommonId!''}""]
[@web_depand_component_sourceMap uuid=""${component.componentAlias!}${settingId!}"" settingId=""${settingId!}"" componentAlias=""${component.componentAlias!''}"" /]
<div class=""backstage-stwidgets-settingwrap"" scope=""${scope}"" settingId=""${settingId!''}"" id=""component_${settingId!''}"" relationCommonId=""${relationCommonId!''}"" classAttr=""${component.widgetClass}"">
	<div class=""sitewidget-videocategory category-default-simple ${component.widgetClass}"">
		[#if !phoenix_method_isFresh(component.componentAlias!,settingId!,component.componentUpdateVersion!)]
			[#include ""style.html"" /]
		[/#if]
		[#if component.componentTitle??]
			[#if component.cateShowStyle?? && component.cateShowStyle == '1']
				<div class=""sitewidget-hd"" style=""display: flex;align-items: center;justify-content: space-between;"">
					<h2>${component.componentTitle!?html}</h2>
					<span class=""click""><svg class=""block-icongengduo"" width=""16"" height=""16"" viewBox=""0 0 12 12"" fill=""none"" xmlns=""http://www.w3.org/2000/svg""><rect width=""12"" height=""12"" fill=""white""/><path d=""M3.66102 11C3.47299 11 3.34764 10.9373 3.22228 10.812C2.97157 10.5613 3.03425 10.1852 3.28496 9.93448L7.29633 6.29917C7.42169 6.17382 7.48436 6.04846 7.48436 5.92311C7.48436 5.79775 7.42169 5.6724 7.29633 5.54704L3.22228 2.09977C2.97157 1.84906 2.90889 1.47299 3.1596 1.22228C3.41031 0.971569 3.78638 0.908892 4.03709 1.1596L8.04846 4.60688C8.42453 4.92026 8.67524 5.42169 8.67524 5.92311C8.67524 6.42453 8.48721 6.86327 8.11114 7.23934L4.09977 10.8746C3.97441 10.9373 3.78638 11 3.66102 11V11Z"" fill=""#666666"" fill-opacity=""0.5""/></svg></span>
				</div>
			[#else]
				<div class=""sitewidget-hd"">
					[#-- ==组件标题块==   如果没有componentTitle参数，请删除这段 [#if] --]
					<h2>
						<strong>${component.componentTitle!?html}</strong>
					</h2>
				</div>
			[/#if]
		[/#if]
		<div class=""sitewidget-bd"">
			[@web_backend]
			<a class=""hide"" href=""javascript:;"">&nbsp;</a>
			[/@web_backend]
			[@table_select showType=""2"" selectCateIds=""${component.videoCate_ids!''}"" serviceName=""phoenixFrontemdVideoService"" selectVideoCateType=""${component.selectVideoCateType!'0'}"" videoGroupId=""${infoGroupId!''}""]
			[#assign cateStyle=""with-submenu""]
			[#assign firstUlStyle=""slight-submenu-wrap""]
			[#assign cateUlId=""""]
			[#assign cateStyle=""submenu-default-simple""]

			<ul id=""${cateUlId}"" class=""${cateStyle} ${firstUlStyle} 33333"">
				<!-- 风格展示  -->
				[#if component.cateShowStyle?? && component.cateShowStyle == '7'] 
					[#include ""cateShowStyle7.html""]
				[/#if]
				[#if component.cateShowStyle?? && component.cateShowStyle == '11'] 
					[#include ""cateShowStyle11.html""]
					[#include ""style11.css""]
				[/#if]
				[#if component.cateShowStyle?? && component.cateShowStyle == '14']
					[#include ""cateShowStyle14.html""]
				[/#if]
				[#if component.cateShowStyle?? && component.cateShowStyle == '1']
					[#include ""cateShowStyle1.html""]
				[/#if]
				<!-- 风格展示  -->
			</ul>
			[/@table_select]
		</div>
	</div>
	
	<span class=""t-radius""></span>
	<span class=""b-radius""></span>
		[@web_javascript collect=""true"" pm_script=""${component.widgetClass!}"" jumpTo=""${settingId!}""]
			$(function(){
				[#--//目录导航折叠效果--]
				function videocategoryThumbToggle(_obj){
					$(_obj + "" .sitewidget-hd"").unbind(""click"").bind(""click"", function(){
						if ($(_obj + "" .sitewidget-bd"").css(""display"") == ""none"" || $(_obj + "" .sitewidget-bd"").hasClass(""displayed"")) {
							if ($(_obj + "" .sitewidget-bd"").is("":hidden"")) {
								$(this).find("".sitewidget-thumb"").removeClass(""todown"").addClass(""toup"");
							}
							else {
								$(this).find("".sitewidget-thumb"").removeClass(""toup"").addClass(""todown"");
							}
							$(_obj + "" .sitewidget-bd"").slideToggle().toggleClass(""displayed"");
							// $(this).find("".sitewidget-thumb"").toggleClass(""closed"");
						}
					});
				}
				
			    videocategoryThumbToggle("".${component.widgetClass}"");
				[#if component.videoCatebtnOpenStyle??]
				$("".${component.widgetClass} .artLi.on"").parents("".artLi"").each(function(){
					$(this).addClass(""on"");
				})
				[/#if]
			})
		[/@web_javascript]
	[#--设置菜单展开效果--]
		[@web_javascript collect=""true"" pm_script=""${component.widgetClass!}"" jumpTo=""${settingId!}""]
			(function(window, $, undefined){
				$(function(){
					[#if !component.cateShowStyle?? || component.cateShowStyle == '7' || component.cateShowStyle == '11' || component.cateShowStyle == '14' || component.cateShowStyle == '1']
						$('.${component.widgetClass} .with-submenu,.${component.widgetClass} .submenu-default-gray').slightSubmenu({buttonActivateEvents: 'click click',submenuOpeneTime:400});
						$('.${component.widgetClass} .submenu-default-simple').slightSubmenu({buttonActivateEvents: 'click click',submenuOpeneTime:10});
						[#if component.videoCatebtnOpenStyle?? && component.videoCatebtnOpenStyle != ""0""] 
							[#--设置菜单展开效果--]
							[#if component.videoCatebtnOpenStyle == ""1""]
								var showList = $('.${component.widgetClass} .submenu-default-simple').find("">.li-with-ul"");
							[#elseif component.videoCatebtnOpenStyle == ""2""]
								var showList = $('.${component.widgetClass} .sitewidget-bd > .submenu-default-simple').find("">.li-with-ul"");
							[/#if]
							showList.addClass(""submenuUlShow"").find("">.slight-submenu-button"").addClass(""opened"");
							showList.find("">ul"").show();
						[/#if]
					[/#if]
				});
				[#--点击链接后展开二级组--]
				$(function() {
					var subListOn = $("".${component.widgetClass} .slight-submenu-wrap ul .on"");
					if(subListOn.length){
						subListOn.parent().show();
						subListOn.parent().siblings("".slight-submenu-button"").addClass(""opened"");
					}
				});
			})(window, jQuery);
		[/@web_javascript]
		[#--设置菜单展开效果--]
		[#include ""/phoenix/lab/component_labjs_include.html"" /]
[#-- 后台组件包裹框注册.script节点一定要在组件div内--]
[@web_backend]
	[@web_javascript]
		(function(window,jQuery,undefined){
			// 组件包裹框注册
			$(function(){
				$_phoenix.pagefunc.component_management.setup('${settingId!''}',{title: '[@phoenix_directive_i18n code=""component_alias_name_${component.componentAlias!}"" txt=""${component.componentName!}""/]'});
			});
		})(window,jQuery)
	[/@web_javascript]
[/@web_backend]
</div>
[/@phoenix_component]","-1","20220913182146","11254","2020-05-14 16:38:04","429524","易永杰","2022-09-13 10:47:09","7374124","李智","-1","0"
"167414","1","view_default.html","[@phoenix_component settingId=""${settingId!''}"" relationCommonId=""${relationCommonId!''}""]
[@web_depand_component_sourceMap uuid=""${component.componentAlias!}${settingId!}"" settingId=""${settingId!}"" componentAlias=""${component.componentAlias!''}"" /]
<div class=""backstage-stwidgets-settingwrap"" scope=""${scope}"" settingId=""${settingId!''}"" id=""component_${settingId!''}"" relationCommonId=""${relationCommonId!''}"" classAttr=""${component.widgetClass}"">
	<div class=""sitewidget-videocategory category-default-simple ${component.widgetClass}"">
		[#if !phoenix_method_isFresh(component.componentAlias!,settingId!,component.componentUpdateVersion!)]
			[#include ""style.html"" /]
		[/#if]
		[#if component.componentTitle??]
			[#if component.cateShowStyle?? && component.cateShowStyle == '1']
				<div class=""sitewidget-hd"" style=""display: flex;align-items: center;justify-content: space-between;"">
					<h2>${component.componentTitle!?html}</h2>
					<span class=""click""><svg class=""block-icongengduo"" width=""16"" height=""16"" viewBox=""0 0 12 12"" fill=""none"" xmlns=""http://www.w3.org/2000/svg""><rect width=""12"" height=""12"" fill=""white""/><path d=""M3.66102 11C3.47299 11 3.34764 10.9373 3.22228 10.812C2.97157 10.5613 3.03425 10.1852 3.28496 9.93448L7.29633 6.29917C7.42169 6.17382 7.48436 6.04846 7.48436 5.92311C7.48436 5.79775 7.42169 5.6724 7.29633 5.54704L3.22228 2.09977C2.97157 1.84906 2.90889 1.47299 3.1596 1.22228C3.41031 0.971569 3.78638 0.908892 4.03709 1.1596L8.04846 4.60688C8.42453 4.92026 8.67524 5.42169 8.67524 5.92311C8.67524 6.42453 8.48721 6.86327 8.11114 7.23934L4.09977 10.8746C3.97441 10.9373 3.78638 11 3.66102 11V11Z"" fill=""#666666"" fill-opacity=""0.5""/></svg></span>
				</div>
			[#else]
				<div class=""sitewidget-hd"">
					[#-- ==组件标题块==   如果没有componentTitle参数，请删除这段 [#if] --]
					<h2>
						<strong>${component.componentTitle!?html}</strong>
					</h2>
				</div>
			[/#if]
		[/#if]
		<div class=""sitewidget-bd"">
			[@web_backend]
			<a class=""hide"" href=""javascript:;"">&nbsp;</a>
			[/@web_backend]
			[@table_select showType=""2"" selectCateIds=""${component.videoCate_ids!''}"" serviceName=""phoenixFrontemdVideoService"" selectVideoCateType=""${component.selectVideoCateType!'0'}"" videoGroupId=""${videoGroupId!''}""]
			[#assign cateStyle=""with-submenu""]
			[#assign firstUlStyle=""slight-submenu-wrap""]
			[#assign cateUlId=""""]
			[#assign cateStyle=""submenu-default-simple""]

			<ul id=""${cateUlId}"" class=""${cateStyle} ${firstUlStyle} 33333"">
				<!-- 风格展示  -->
				[#if component.cateShowStyle?? && component.cateShowStyle == '7'] 
					[#include ""cateShowStyle7.html""]
				[/#if]
				[#if component.cateShowStyle?? && component.cateShowStyle == '11'] 
					[#include ""cateShowStyle11.html""]
					[#include ""style11.css""]
				[/#if]
				[#if component.cateShowStyle?? && component.cateShowStyle == '14']
					[#include ""cateShowStyle14.html""]
				[/#if]
				[#if component.cateShowStyle?? && component.cateShowStyle == '1']
					[#include ""cateShowStyle1.html""]
				[/#if]
				<!-- 风格展示  -->
			</ul>
			[/@table_select]
		</div>
	</div>
	
	<span class=""t-radius""></span>
	<span class=""b-radius""></span>
		[@web_javascript collect=""true"" pm_script=""${component.widgetClass!}"" jumpTo=""${settingId!}""]
			$(function(){
				[#--//目录导航折叠效果--]
				function videocategoryThumbToggle(_obj){
					$(_obj + "" .sitewidget-hd"").unbind(""click"").bind(""click"", function(){
						if ($(_obj + "" .sitewidget-bd"").css(""display"") == ""none"" || $(_obj + "" .sitewidget-bd"").hasClass(""displayed"")) {
							if ($(_obj + "" .sitewidget-bd"").is("":hidden"")) {
								$(this).find("".sitewidget-thumb"").removeClass(""todown"").addClass(""toup"");
							}
							else {
								$(this).find("".sitewidget-thumb"").removeClass(""toup"").addClass(""todown"");
							}
							$(_obj + "" .sitewidget-bd"").slideToggle().toggleClass(""displayed"");
							// $(this).find("".sitewidget-thumb"").toggleClass(""closed"");
						}
					});
				}
				
			    videocategoryThumbToggle("".${component.widgetClass}"");
				[#if component.videoCatebtnOpenStyle??]
				$("".${component.widgetClass} .artLi.on"").parents("".artLi"").each(function(){
					$(this).addClass(""on"");
				})
				[/#if]
			})
		[/@web_javascript]
	[#--设置菜单展开效果--]
		[@web_javascript collect=""true"" pm_script=""${component.widgetClass!}"" jumpTo=""${settingId!}""]
			(function(window, $, undefined){
				$(function(){
					[#if !component.cateShowStyle?? || component.cateShowStyle == '7' || component.cateShowStyle == '11' || component.cateShowStyle == '14' || component.cateShowStyle == '1']
						$('.${component.widgetClass} .with-submenu,.${component.widgetClass} .submenu-default-gray').slightSubmenu({buttonActivateEvents: 'click click',submenuOpeneTime:400});
						$('.${component.widgetClass} .submenu-default-simple').slightSubmenu({buttonActivateEvents: 'click click',submenuOpeneTime:10});
						[#if component.videoCatebtnOpenStyle?? && component.videoCatebtnOpenStyle != ""0""] 
							[#--设置菜单展开效果--]
							[#if component.videoCatebtnOpenStyle == ""1""]
								var showList = $('.${component.widgetClass} .submenu-default-simple').find("">.li-with-ul"");
							[#elseif component.videoCatebtnOpenStyle == ""2""]
								var showList = $('.${component.widgetClass} .sitewidget-bd > .submenu-default-simple').find("">.li-with-ul"");
							[/#if]
							showList.addClass(""submenuUlShow"").find("">.slight-submenu-button"").addClass(""opened"");
							showList.find("">ul"").show();
						[/#if]
					[/#if]
				});
				[#--点击链接后展开二级组--]
				$(function() {
					var subListOn = $("".${component.widgetClass} .slight-submenu-wrap ul .on"");
					if(subListOn.length){
						subListOn.parent().show();
						subListOn.parent().siblings("".slight-submenu-button"").addClass(""opened"");
					}
				});
			})(window, jQuery);
		[/@web_javascript]
		[#--设置菜单展开效果--]
		[#include ""/phoenix/lab/component_labjs_include.html"" /]
[#-- 后台组件包裹框注册.script节点一定要在组件div内--]
[@web_backend]
	[@web_javascript]
		(function(window,jQuery,undefined){
			// 组件包裹框注册
			$(function(){
				$_phoenix.pagefunc.component_management.setup('${settingId!''}',{title: '[@phoenix_directive_i18n code=""component_alias_name_${component.componentAlias!}"" txt=""${component.componentName!}""/]'});
			});
		})(window,jQuery)
	[/@web_javascript]
[/@web_backend]
</div>
[/@phoenix_component]","-1","20220923094505","11254","2020-05-14 16:38:04","429524","易永杰","2022-09-19 19:13:35","7374124","李智","-1","0"
"184374","1","view_default.html","[@phoenix_component settingId=""${settingId!''}"" relationCommonId=""${relationCommonId!''}""]
[@web_depand_component_sourceMap uuid=""${component.componentAlias!}${settingId!}"" settingId=""${settingId!}"" componentAlias=""${component.componentAlias!''}"" /]
<div class=""asd"" style=""display:none""></div>
<div class=""backstage-stwidgets-settingwrap"" scope=""${scope}"" settingId=""${settingId!''}"" id=""component_${settingId!''}"" relationCommonId=""${relationCommonId!''}"" classAttr=""${component.widgetClass}"">
	<div class=""sitewidget-video_detail ${component.widgetClass}"">
		<div class=""sitewidget-hd""><h2>${component.componentTitle!?html}</h2></div>
		<div  class=""sitewidget-bd"">
			[@table_select showType=""1""  serviceName=""phoenixFrontemdVideoService"" videoId=""${videoId!''}""]
                [#if table_data??]
                <div class=""video_detail"">
                      <div class=""video_detail_paly"">
                        <input type=""hidden"" name=""flag"" value=""${table_data.showFlag}""> 
                        [#if table_data.showFlag=='0']
                            <div class=""video_detail_palying showFlag0"">
                                [@s.m ""FLKpUAfANfAg_thisVideoIsDown"" /]
                            </div>
                        [#else]
                            [#if table_data.contents??]
                                [#list table_data.contents as cate]
                                <div class=""video_detail_palying"">
                                    [#if cate.videoId?? && cate.videoId == '']
                                        <iframe class=""iframe_detail_palying_src"" src='${table_data.thirdPartyLink!''}' frameborder=""0"" scrolling=""no"" height=""500px"" width=""100%""></iframe>
                                    [#else]
                                        <video id=""video_detail_play_${cate_index}"" class=""video_detail_palying_src video-js"" style=""max-width:100%;display:block;margin:0 auto"" controls="""" name=""media"" src=""""></video>
                                    [/#if]


                                </div>
                                <div class=""video_detail_name"">${cate.name!''}</div>
                                <div class=""video_detail_desc"">${cate.desc!''}</div>
                                <div class=""video_detail_desc"">${cate.id!''}</div>
                                [/#list]
                            [/#if]
                        [/#if]
                        </div>
                </div>
                [#else]
                    [@web_backend]
            			[@s.m ""FLKpUAfANfAg_component_cont_txt_video_detail1"" /]
                    [/@web_backend]
                [/#if]

            	[#-- 视频详情结构化数据 --]
            	<script type=""application/ld+json"">${JSONLD!''}</script>
            	[@web_frontend]
                    [@web_javascript collect=""true"" pm_script=""${component.widgetClass!}"" jumpTo=""${settingId!}""]
                        (function(window,$,undefined){
                            $(function(){
                                if('${table_data.contents[0].videoId!''}' == ''){
                                    $('#'+'component_${settingId!''}').find("".iframe_detail_palying_src"").css('max-width','960px')
                                    $('#'+'component_${settingId!''}').find("".iframe_detail_palying_src"").css('max-height','540px')
                                    $('#'+'component_${settingId!''}').find("".iframe_detail_palying_src"").css('min-height','400px')
                                    $('#'+'component_${settingId!''}').find("".iframe_detail_palying_src"").css('width','100%')
                                    return false;
                                }else{
                                    <!-- console.log(""${table_data.contents[0].videoId!''}"",'loacalVideoSrc') -->
                                    <!-- phoenixSite.videoDetail.videoUrl('${table_data.contents[0].videoId!''}','upload'); -->
                                    <!-- console.log('loacalVideoSrccccccccccc') -->

                                    $('#'+'component_${settingId!''}').find("".iframe_detail_palying_src"").hide()
                                    var url = ' /phoenix/admin/video/url?photoId=' + '${table_data.contents[0].videoId!''}';
                                    $.ajax({
                                        url: url,
                                        type: 'get',
                                        success: function(xhr) {
                                            var data = JSON.parse(xhr);
                                            $('#'+'component_${settingId!''}').find("".video_detail_palying_src"").each(function(i) {
                                                
                                                if (data.video_url) {
                                                    // 如果当前为微信环境，并且后端返回值
                                                    if(is_weixin() == true && data.mp4Url){
                                                        data.video_url = data.mp4Url;
                                                    }
                                                    var httpU1 = data.video_url.substring(0, 2);
                                                    var httpU2 = data.video_url.substring(0, 4);
                                                    var httpU3 = data.video_url.substring(0, 5);
                                                    if (httpU1 == '//' || 'http' == httpU2 || 'https' == httpU3) {
                                                        
                                                        $(this).attr('src', data.video_url);
                                                        
                                                    } else {
                                                        $(this).attr('src', '//' + data.video_url);
                                                    }
                                                    var video_type = 'video/mp4';
                                                    if(data.video_url.indexOf('mediaType=m3u8') > -1){
                                                        video_type = 'application/x-mpegURL';
                                                    }
                                                    if (videojs != undefined) {
                                                        videojs('#video_detail_play_'+i,{
                                                            muted:true,
                                                            autoplay:true,
                                                            sources:[{
                                                                src:data.video_url,
                                                                type:video_type
                                                            }]
                                                        })
                                                    }
                                                }
                                            });

                                            // 判断当前是否为微信
                                            function is_weixin(){
                                                var ua = navigator.userAgent.toLowerCase();
                                                if(ua.match(/MicroMessenger/i) == ""micromessenger"") {
                                                    return true
                                                }else{
                                                    return false
                                                }
                                            }
                                        }
                                    });
                                    return false;
                                }
                                
                            });
                        })(window,jQuery)
                    [/@web_javascript]
            	[/@web_frontend]
			[/@table_select]
            
		</div>
	</div>
	[#-- 后台组件包裹框注册.script节点一定要在组件div内--]
	[@web_backend]
		[@web_javascript auto_delete='false']
			(function(window,jQuery,undefined){
				// 组件包裹框注册
				$(function(){
					$_phoenix.pagefunc.component_management.setup('${settingId!''}',{title: '[@phoenix_directive_i18n code=""component_alias_name_${component.videoDetail!}"" txt=""${component.componentName!}""/]'});
				});
			})(window,jQuery)
		[/@web_javascript]
	[/@web_backend]
</div>
[#include ""/phoenix/lab/component_labjs_include.html"" /]
[/@phoenix_component]","-1","20230131165244","3001","2018-09-11 16:37:01","183491","demo-guoxiaotian","2023-01-31 15:39:25","7310394","王成强","-1","0"
"213134","1","view_default.html","[@phoenix_component settingId=""${settingId!''}"" relationCommonId=""${relationCommonId!''}""]
[@web_depand_component_sourceMap uuid=""${component.componentAlias!}${settingId!}"" settingId=""${settingId!}"" componentAlias=""${component.componentAlias!''}"" /]
<div class=""asd"" style=""display:none""></div>
<div class=""backstage-stwidgets-settingwrap"" scope=""${scope}"" settingId=""${settingId!''}"" id=""component_${settingId!''}"" relationCommonId=""${relationCommonId!''}"" classAttr=""${component.widgetClass}"">
	<div class=""sitewidget-video_detail ${component.widgetClass}"">
		<div class=""sitewidget-hd""><h2>${component.componentTitle!?html}</h2></div>
		<div  class=""sitewidget-bd"">
			[@table_select showType=""1""  serviceName=""phoenixFrontemdVideoService"" videoId=""${videoId!''}""]
                [#if table_data??]
                <div class=""video_detail"">
                      <div class=""video_detail_paly"">
                        <input type=""hidden"" name=""flag"" value=""${table_data.showFlag}""> 
                        [#if table_data.showFlag=='0']
                            <div class=""video_detail_palying showFlag0"">
                                [@s.m ""FLKpUAfANfAg_thisVideoIsDown"" /]
                            </div>
                        [#else]
                            [#if table_data.contents??]
                                [#list table_data.contents as cate]
                                <div class=""video_detail_palying"">
                                    [#if cate.videoId?? && cate.videoId == '']
                                        <iframe class=""iframe_detail_palying_src"" src='${table_data.thirdPartyLink!''}' frameborder=""0"" scrolling=""no"" height=""500px"" width=""100%""></iframe>
                                    [#else]
                                        <video id=""video_detail_play_${cate_index}"" class=""video_detail_palying_src video-js"" style=""max-width:100%;display:block;margin:0 auto"" controls="""" name=""media"" src=""""></video>
                                    [/#if]


                                </div>
                                <div class=""video_detail_name"">${cate.name!''}</div>
                                <div class=""video_detail_desc"">${cate.desc!''}</div>
                                <div class=""video_detail_desc"">${cate.id!''}</div>
                                [/#list]
                            [/#if]
                        [/#if]
                        </div>
                </div>
                [#else]
                    [@web_backend]
            			[@s.m ""FLKpUAfANfAg_component_cont_txt_video_detail1"" /]
                    [/@web_backend]
                [/#if]

            	[#-- 视频详情结构化数据 --]
            	<script type=""application/ld+json"">${JSONLD!''}</script>
            	[@web_frontend]
                    [@web_javascript collect=""true"" pm_script=""${component.widgetClass!}"" jumpTo=""${settingId!}""]
                        (function(window,$,undefined){
                            $(function(){
                                if('${table_data!'true'}' && '${table_data.contents[0]!'true'}' && '${table_data.contents[0].videoId!'true'}'){
                                    <!-- console.log(""${table_data.contents[0].videoId!''}"",'loacalVideoSrc') -->
                                    <!-- phoenixSite.videoDetail.videoUrl('${table_data.contents[0].videoId!''}','upload'); -->
                                    <!-- console.log('loacalVideoSrccccccccccc') -->

                                    $('#'+'component_${settingId!''}').find("".iframe_detail_palying_src"").hide()
                                    var url = ' /phoenix/admin/video/url?photoId=' + '${table_data.contents[0].videoId!''}';
                                    $.ajax({
                                        url: url,
                                        type: 'get',
                                        success: function(xhr) {
                                            var data = JSON.parse(xhr);
                                            $('#'+'component_${settingId!''}').find("".video_detail_palying_src"").each(function(i) {
                                                
                                                if (data.video_url) {
                                                    // 如果当前为微信环境，并且后端返回值
                                                    if(is_weixin() == true && data.mp4Url){
                                                        data.video_url = data.mp4Url;
                                                    }
                                                    var httpU1 = data.video_url.substring(0, 2);
                                                    var httpU2 = data.video_url.substring(0, 4);
                                                    var httpU3 = data.video_url.substring(0, 5);
                                                    if (httpU1 == '//' || 'http' == httpU2 || 'https' == httpU3) {
                                                        
                                                        $(this).attr('src', data.video_url);
                                                        
                                                    } else {
                                                        $(this).attr('src', '//' + data.video_url);
                                                    }
                                                    var video_type = 'video/mp4';
                                                    if(data.video_url.indexOf('mediaType=m3u8') > -1){
                                                        video_type = 'application/x-mpegURL';
                                                    }
                                                    if (videojs != undefined) {
                                                        videojs('#video_detail_play_'+i,{
                                                            muted:true,
                                                            autoplay:true,
                                                            sources:[{
                                                                src:data.video_url,
                                                                type:video_type
                                                            }]
                                                        })
                                                    }
                                                }
                                            });

                                            // 判断当前是否为微信
                                            function is_weixin(){
                                                var ua = navigator.userAgent.toLowerCase();
                                                if(ua.match(/MicroMessenger/i) == ""micromessenger"") {
                                                    return true
                                                }else{
                                                    return false
                                                }
                                            }
                                        }
                                    });
                                    return false;
                                }else{
                                    $('#'+'component_${settingId!''}').find("".iframe_detail_palying_src"").css('max-width','960px')
                                    $('#'+'component_${settingId!''}').find("".iframe_detail_palying_src"").css('max-height','540px')
                                    $('#'+'component_${settingId!''}').find("".iframe_detail_palying_src"").css('min-height','400px')
                                    $('#'+'component_${settingId!''}').find("".iframe_detail_palying_src"").css('width','100%')
                                    return false;
                                }
                            });
                        })(window,jQuery)
                    [/@web_javascript]
            	[/@web_frontend]
			[/@table_select]
            
		</div>
	</div>
	[#-- 后台组件包裹框注册.script节点一定要在组件div内--]
	[@web_backend]
		[@web_javascript auto_delete='false']
			(function(window,jQuery,undefined){
				// 组件包裹框注册
				$(function(){
					$_phoenix.pagefunc.component_management.setup('${settingId!''}',{title: '[@phoenix_directive_i18n code=""component_alias_name_${component.videoDetail!}"" txt=""${component.componentName!}""/]'});
				});
			})(window,jQuery)
		[/@web_javascript]
	[/@web_backend]
</div>
[#include ""/phoenix/lab/component_labjs_include.html"" /]
[/@phoenix_component]","-1","20230712173853","3001","2018-09-11 16:37:01","183491","demo-guoxiaotian","2023-07-12 17:36:52","391501","胡开成","-1","0"
"214142","1","view_default.html","[@phoenix_component settingId=""${settingId!''}"" relationCommonId=""${relationCommonId!''}""]
[@web_depand_component_sourceMap uuid=""${component.componentAlias!}${settingId!}"" settingId=""${settingId!}"" componentAlias=""${component.componentAlias!''}"" /]
<div class=""backstage-stwidgets-settingwrap"" scope=""${scope}"" settingId=""${settingId!''}"" id=""component_${settingId!''}"" relationCommonId=""${relationCommonId!''}"" classAttr=""${component.widgetClass}"">
	<div class=""sitewidget-videocategory category-default-simple ${component.widgetClass}"">
		[#if !phoenix_method_isFresh(component.componentAlias!,settingId!,component.componentUpdateVersion!)]
			[#include ""style.html"" /]
		[/#if]
		[#if component.componentTitle??]
			[#if component.cateShowStyle?? && component.cateShowStyle == '1']
				<div class=""sitewidget-hd"" style=""display: flex;align-items: center;justify-content: space-between;"">
					<h2>${component.componentTitle!?html}</h2>
					<span class=""click""><svg class=""block-icongengduo"" width=""16"" height=""16"" viewBox=""0 0 12 12"" fill=""none"" xmlns=""http://www.w3.org/2000/svg""><rect width=""12"" height=""12"" fill=""white""/><path d=""M3.66102 11C3.47299 11 3.34764 10.9373 3.22228 10.812C2.97157 10.5613 3.03425 10.1852 3.28496 9.93448L7.29633 6.29917C7.42169 6.17382 7.48436 6.04846 7.48436 5.92311C7.48436 5.79775 7.42169 5.6724 7.29633 5.54704L3.22228 2.09977C2.97157 1.84906 2.90889 1.47299 3.1596 1.22228C3.41031 0.971569 3.78638 0.908892 4.03709 1.1596L8.04846 4.60688C8.42453 4.92026 8.67524 5.42169 8.67524 5.92311C8.67524 6.42453 8.48721 6.86327 8.11114 7.23934L4.09977 10.8746C3.97441 10.9373 3.78638 11 3.66102 11V11Z"" fill=""#666666"" fill-opacity=""0.5""/></svg></span>
				</div>
			[#else]
				<div class=""sitewidget-hd"">
					[#-- ==组件标题块==   如果没有componentTitle参数，请删除这段 [#if] --]
					<h2>
						<strong>${component.componentTitle!?html}</strong>
					</h2>
				</div>
			[/#if]
		[/#if]
		<div class=""sitewidget-bd"">
			[@web_backend]
			<a class=""hide"" href=""javascript:;"">&nbsp;</a>
			[/@web_backend]
			[@table_select showType=""2"" selectCateIds=""${component.videoCate_ids!''}"" serviceName=""phoenixFrontemdVideoService"" selectVideoCateType=""${component.selectVideoCateType!'0'}"" videoGroupId=""${videoGroupId!''}""]
			[#assign cateStyle=""with-submenu""]
			[#assign firstUlStyle=""slight-submenu-wrap""]
			[#assign cateUlId=""""]
			[#assign cateStyle=""submenu-default-simple""]

			<ul id=""${cateUlId}"" class=""${cateStyle} ${firstUlStyle} 33333"">
				<!-- 风格展示  -->
				[#if component.cateShowStyle?? && component.cateShowStyle == '7'] 
					[#include ""cateShowStyle7.html""]
				[/#if]
				[#if component.cateShowStyle?? && component.cateShowStyle == '11'] 
					[#include ""cateShowStyle11.html""]
					[#include ""style11.css""]
				[/#if]
				[#if component.cateShowStyle?? && component.cateShowStyle == '14']
					[#include ""cateShowStyle14.html""]
				[/#if]
				[#if component.cateShowStyle?? && component.cateShowStyle == '1']
					[#include ""cateShowStyle1.html""]
				[/#if]
				<!-- 风格展示  -->
			</ul>
			[/@table_select]
		</div>
	</div>
	
	<span class=""t-radius""></span>
	<span class=""b-radius""></span>
		[@web_javascript collect=""true"" pm_script=""${component.widgetClass!}"" jumpTo=""${settingId!}""]
			$(function(){
				[#--//目录导航折叠效果--]
				function videocategoryThumbToggle(_obj){
					$(_obj + "" .sitewidget-hd"").unbind(""click"").bind(""click"", function(){
						if ($(_obj + "" .sitewidget-bd"").css(""display"") == ""none"" || $(_obj + "" .sitewidget-bd"").hasClass(""displayed"")) {
							if ($(_obj + "" .sitewidget-bd"").is("":hidden"")) {
								$(this).find("".sitewidget-thumb"").removeClass(""todown"").addClass(""toup"");
							}
							else {
								$(this).find("".sitewidget-thumb"").removeClass(""toup"").addClass(""todown"");
							}
							$(_obj + "" .sitewidget-bd"").slideToggle().toggleClass(""displayed"");
							// $(this).find("".sitewidget-thumb"").toggleClass(""closed"");
						}
					});
				}
				
			    videocategoryThumbToggle("".${component.widgetClass}"");
				[#if component.videoCatebtnOpenStyle??]
				$("".${component.widgetClass} .artLi.on"").parents("".artLi"").each(function(){
					$(this).addClass(""on"");
				})
				[/#if]
			})
		[/@web_javascript]
	[#--设置菜单展开效果--]
		[@web_javascript collect=""true"" pm_script=""${component.widgetClass!}"" jumpTo=""${settingId!}""]
			(function(window, $, undefined){
				$(function(){
					[#if !component.cateShowStyle?? || component.cateShowStyle == '7' || component.cateShowStyle == '11' || component.cateShowStyle == '14' || component.cateShowStyle == '1']
						$('.${component.widgetClass} .with-submenu,.${component.widgetClass} .submenu-default-gray').slightSubmenu({buttonActivateEvents: 'click click',submenuOpeneTime:400});
						$('.${component.widgetClass} .submenu-default-simple').slightSubmenu({buttonActivateEvents: 'click click',submenuOpeneTime:10});
						[#if component.videoCatebtnOpenStyle?? && component.videoCatebtnOpenStyle != ""0""] 
							[#--设置菜单展开效果--]
							[#if component.videoCatebtnOpenStyle == ""1""]
								var showList = $('.${component.widgetClass} .submenu-default-simple').find("">.li-with-ul"");
							[#elseif component.videoCatebtnOpenStyle == ""2""]
								var showList = $('.${component.widgetClass} .sitewidget-bd > .submenu-default-simple').find("">.li-with-ul"");
							[/#if]
							showList.addClass(""submenuUlShow"").find("">.slight-submenu-button"").addClass(""opened"");
							showList.find("">ul"").show();
						[/#if]
					[/#if]
				});
				[#--点击链接后展开二级组--]
				$(function() {
					var subListOn = $("".${component.widgetClass} .slight-submenu-wrap ul .on"");
					if(subListOn.length){
						subListOn.parent().show();
						subListOn.parent().siblings("".slight-submenu-button"").addClass(""opened"");
					}
				});
			})(window, jQuery);
		[/@web_javascript]
		[#--设置菜单展开效果--]
		[#include ""/phoenix/lab/component_labjs_include.html"" /]
[#-- 后台组件包裹框注册.script节点一定要在组件div内--]
[@web_backend]
	[@web_javascript]
		(function(window,jQuery,undefined){
			// 组件包裹框注册
			$(function(){
				$_phoenix.pagefunc.component_management.setup('${settingId!''}',{title: '[@phoenix_directive_i18n code=""component_alias_name_${component.componentAlias!}"" txt=""${component.componentName!}""/]'});
			});
		})(window,jQuery)
	[/@web_javascript]
[/@web_backend]
</div>
[/@phoenix_component]","-1","20230719161638","11254","2020-05-14 16:38:04","429524","易永杰","2022-09-19 19:13:35","7374124","李智","-1","0"
"214512","1","view_default.html","[@phoenix_component settingId=""${settingId!''}"" relationCommonId=""${relationCommonId!''}""]
[@web_depand_component_sourceMap uuid=""${component.componentAlias!}${settingId!}"" settingId=""${settingId!}"" componentAlias=""${component.componentAlias!''}"" /]
<div class=""backstage-stwidgets-settingwrap"" scope=""${scope}"" settingId=""${settingId!''}"" id=""component_${settingId!''}"" relationCommonId=""${relationCommonId!''}"" classAttr=""${component.widgetClass}"">
	<div class=""sitewidget-videocategory category-default-simple ${component.widgetClass}"">
		[#if !phoenix_method_isFresh(component.componentAlias!,settingId!,component.componentUpdateVersion!)]
			[#include ""style.html"" /]
		[/#if]
		[#if component.componentTitle??]
			[#if component.cateShowStyle?? && component.cateShowStyle == '1']
				<div class=""sitewidget-hd"" style=""display: flex;align-items: center;justify-content: space-between;"">
					<h2>${component.componentTitle!?html}</h2>
					<span class=""click""><svg class=""block-icongengduo"" width=""16"" height=""16"" viewBox=""0 0 12 12"" fill=""none"" xmlns=""http://www.w3.org/2000/svg""><rect width=""12"" height=""12"" fill=""white""/><path d=""M3.66102 11C3.47299 11 3.34764 10.9373 3.22228 10.812C2.97157 10.5613 3.03425 10.1852 3.28496 9.93448L7.29633 6.29917C7.42169 6.17382 7.48436 6.04846 7.48436 5.92311C7.48436 5.79775 7.42169 5.6724 7.29633 5.54704L3.22228 2.09977C2.97157 1.84906 2.90889 1.47299 3.1596 1.22228C3.41031 0.971569 3.78638 0.908892 4.03709 1.1596L8.04846 4.60688C8.42453 4.92026 8.67524 5.42169 8.67524 5.92311C8.67524 6.42453 8.48721 6.86327 8.11114 7.23934L4.09977 10.8746C3.97441 10.9373 3.78638 11 3.66102 11V11Z"" fill=""#666666"" fill-opacity=""0.5""/></svg></span>
				</div>
			[#else]
				<div class=""sitewidget-hd"">
					[#-- ==组件标题块==   如果没有componentTitle参数，请删除这段 [#if] --]
					<h2>
						<strong>${component.componentTitle!?html}</strong>
					</h2>
				</div>
			[/#if]
		[/#if]
		<div class=""sitewidget-bd"">
			[@web_backend]
			<a class=""hide"" href=""javascript:;"">&nbsp;</a>
			[/@web_backend]
			[@table_select showType=""2"" selectCateIds=""${component.videoCate_ids!''}"" serviceName=""phoenixFrontemdVideoService"" selectVideoCateType=""${component.selectVideoCateType!'0'}"" videoGroupId=""${videoGroupId!''}""]
			[#assign cateStyle=""with-submenu""]
			[#assign firstUlStyle=""slight-submenu-wrap""]
			[#assign cateUlId=""""]
			[#assign cateStyle=""submenu-default-simple""]

			<ul id=""${cateUlId}"" class=""${cateStyle} ${firstUlStyle} 33333"">
				<!-- 风格展示  -->
				[#if component.cateShowStyle?? && component.cateShowStyle == '7'] 
					[#include ""cateShowStyle7.html""]
				[/#if]
				[#if component.cateShowStyle?? && component.cateShowStyle == '11'] 
					[#include ""cateShowStyle11.html""]
					[#include ""style11.css""]
				[/#if]
				[#if component.cateShowStyle?? && component.cateShowStyle == '14']
					[#include ""cateShowStyle14.html""]
				[/#if]
				[#if component.cateShowStyle?? && component.cateShowStyle == '1']
					[#include ""cateShowStyle1.html""]
				[/#if]
				<!-- 风格展示  -->
			</ul>
			[/@table_select]
		</div>
	</div>
	
	<span class=""t-radius""></span>
	<span class=""b-radius""></span>
		[@web_javascript collect=""true"" pm_script=""${component.widgetClass!}"" jumpTo=""${settingId!}""]
			$(function(){
				[#--//目录导航折叠效果--]
				function videocategoryThumbToggle(_obj){
					$(_obj + "" .sitewidget-hd"").unbind(""click"").bind(""click"", function(){
						if ($(_obj + "" .sitewidget-bd"").css(""display"") == ""none"" || $(_obj + "" .sitewidget-bd"").hasClass(""displayed"")) {
							if ($(_obj + "" .sitewidget-bd"").is("":hidden"")) {
								$(this).find("".sitewidget-thumb"").removeClass(""todown"").addClass(""toup"");
							}
							else {
								$(this).find("".sitewidget-thumb"").removeClass(""toup"").addClass(""todown"");
							}
							$(_obj + "" .sitewidget-bd"").slideToggle().toggleClass(""displayed"");
							// $(this).find("".sitewidget-thumb"").toggleClass(""closed"");
						}
					});
				}
				
			    videocategoryThumbToggle("".${component.widgetClass}"");
				[#if component.videoCatebtnOpenStyle??]
				$("".${component.widgetClass} .artLi.on"").parents("".artLi"").each(function(){
					$(this).addClass(""on"");
				})
				[/#if]
			})
		[/@web_javascript]
	[#--设置菜单展开效果--]
		[@web_javascript collect=""true"" pm_script=""${component.widgetClass!}"" jumpTo=""${settingId!}""]
			(function(window, $, undefined){
				$(function(){
					[#if !component.cateShowStyle?? || component.cateShowStyle == '7' || component.cateShowStyle == '11' || component.cateShowStyle == '14' || component.cateShowStyle == '1']
						$('.${component.widgetClass} .with-submenu,.${component.widgetClass} .submenu-default-gray').slightSubmenu({buttonActivateEvents: 'click click',submenuOpeneTime:400});
						$('.${component.widgetClass} .submenu-default-simple').slightSubmenu({buttonActivateEvents: 'click click',submenuOpeneTime:10});
						[#if component.videoCatebtnOpenStyle?? && component.videoCatebtnOpenStyle != ""0""] 
							[#--设置菜单展开效果--]
							[#if component.videoCatebtnOpenStyle == ""1""]
								var showList = $('.${component.widgetClass} .submenu-default-simple').find("">.li-with-ul"");
							[#elseif component.videoCatebtnOpenStyle == ""2""]
								var showList = $('.${component.widgetClass} .sitewidget-bd > .submenu-default-simple').find("">.li-with-ul"");
							[/#if]
							showList.addClass(""submenuUlShow"").find("">.slight-submenu-button"").addClass(""opened"");
							showList.find("">ul"").show();
						[/#if]
					[/#if]
				});
				[#--点击链接后展开二级组--]
				$(function() {
					var subListOn = $("".${component.widgetClass} .slight-submenu-wrap ul .on"");
					if(subListOn.length){
						subListOn.parent().show();
						subListOn.parent().siblings("".slight-submenu-button"").addClass(""opened"");
					}
				});
			})(window, jQuery);
		[/@web_javascript]
		[#--设置菜单展开效果--]
		[#include ""/phoenix/lab/component_labjs_include.html"" /]
[#-- 后台组件包裹框注册.script节点一定要在组件div内--]
[@web_backend]
	[@web_javascript]
		(function(window,jQuery,undefined){
			// 组件包裹框注册
			$(function(){
				$_phoenix.pagefunc.component_management.setup('${settingId!''}',{title: '[@phoenix_directive_i18n code=""component_alias_name_${component.componentAlias!}"" txt=""${component.componentName!}""/]'});
			});
		})(window,jQuery)
	[/@web_javascript]
[/@web_backend]
</div>
[/@phoenix_component]","-1","20230725154355","11254","2020-05-14 16:38:04","429524","易永杰","2022-09-19 19:13:35","7374124","李智","-1","0"
"217932","1","view_default.html","[@phoenix_component settingId=""${settingId!''}"" relationCommonId=""${relationCommonId!''}""]
[@web_depand_component_sourceMap uuid=""${component.componentAlias!}${settingId!}"" settingId=""${settingId!}"" componentAlias=""${component.componentAlias!''}"" /]

<div class=""backstage-stwidgets-settingwrap"" scope=""${scope}"" settingId=""${settingId!''}"" id=""component_${settingId!''}"" relationCommonId=""${relationCommonId!''}"" classAttr=""${component.widgetClass}"">
	<div class=""sitewidget-videocategory category-default-simple ${component.widgetClass}"">
		[#if !phoenix_method_isFresh(component.componentAlias!,settingId!,component.componentUpdateVersion!)]
			[#include ""style.html"" /]
		[/#if]
		[#if component.componentTitle??]
			[#if component.cateShowStyle?? && component.cateShowStyle == '1']
				<div class=""sitewidget-hd-VyUApfKVgCuj sitewidget-hd""  style=""display: flex;align-items: center;justify-content: space-between;"">
					<h2>${component.componentTitle!?html}</h2>
					<span class=""click""><svg class=""block-icongengduo"" width=""16"" height=""16"" viewBox=""0 0 12 12"" fill=""none"" xmlns=""http://www.w3.org/2000/svg""><rect width=""12"" height=""12"" fill=""white""/><path d=""M3.66102 11C3.47299 11 3.34764 10.9373 3.22228 10.812C2.97157 10.5613 3.03425 10.1852 3.28496 9.93448L7.29633 6.29917C7.42169 6.17382 7.48436 6.04846 7.48436 5.92311C7.48436 5.79775 7.42169 5.6724 7.29633 5.54704L3.22228 2.09977C2.97157 1.84906 2.90889 1.47299 3.1596 1.22228C3.41031 0.971569 3.78638 0.908892 4.03709 1.1596L8.04846 4.60688C8.42453 4.92026 8.67524 5.42169 8.67524 5.92311C8.67524 6.42453 8.48721 6.86327 8.11114 7.23934L4.09977 10.8746C3.97441 10.9373 3.78638 11 3.66102 11V11Z"" fill=""#666666"" fill-opacity=""0.5""/></svg></span>
				</div>
			[#else]
				<div class=""sitewidget-hd-VyUApfKVgCuj sitewidget-hd"" >
					[#-- ==组件标题块==   如果没有componentTitle参数，请删除这段 [#if] --]
					<h2>
						<strong>${component.componentTitle!?html}</strong>
					</h2>
				</div>
			[/#if]
		[/#if]
		<div class=""sitewidget-bd"">
			[@web_backend]
			<a class=""hide"" href=""javascript:;"">&nbsp;</a>
			[/@web_backend]
			[@table_select showType=""2"" selectCateIds=""${component.videoCate_ids!''}"" serviceName=""phoenixFrontemdVideoService"" selectVideoCateType=""${component.selectVideoCateType!'0'}"" videoGroupId=""${videoGroupId!''}""]
			[#assign cateStyle=""with-submenu""]
			[#assign firstUlStyle=""slight-submenu-wrap""]
			[#assign cateUlId=""""]
			[#assign cateStyle=""submenu-default-simple""]

			<ul id=""${cateUlId}"" class=""${cateStyle} ${firstUlStyle} 33333"">
				<!-- 风格展示  -->
				[#if component.cateShowStyle?? && component.cateShowStyle == '7'] 
					[#include ""cateShowStyle7.html""]
				[/#if]
				[#if component.cateShowStyle?? && component.cateShowStyle == '11'] 
					[#include ""cateShowStyle11.html""]
					[#include ""style11.css""]
				[/#if]
				[#if component.cateShowStyle?? && component.cateShowStyle == '14']
					[#include ""cateShowStyle14.html""]
				[/#if]
				[#if component.cateShowStyle?? && component.cateShowStyle == '1']
					[#include ""cateShowStyle1.html""]
				[/#if]
				<!-- 风格展示  -->
			</ul>
			[/@table_select]
		</div>
	</div>
	
	<span class=""t-radius""></span>
	<span class=""b-radius""></span>
		[@web_javascript collect=""true"" pm_script=""${component.widgetClass!}"" jumpTo=""${settingId!}""]
			$(function(){
				[#--//目录导航折叠效果--]
				function videocategoryThumbToggle(_obj){
					$(_obj + "" .sitewidget-hd"").unbind(""click"").bind(""click"", function(){
						if ($(_obj + "" .sitewidget-bd"").css(""display"") == ""none"" || $(_obj + "" .sitewidget-bd"").hasClass(""displayed"")) {
							if ($(_obj + "" .sitewidget-bd"").is("":hidden"")) {
								$(this).find("".sitewidget-thumb"").removeClass(""todown"").addClass(""toup"");
							}
							else {
								$(this).find("".sitewidget-thumb"").removeClass(""toup"").addClass(""todown"");
							}
							$(_obj + "" .sitewidget-bd"").slideToggle().toggleClass(""displayed"");
							// $(this).find("".sitewidget-thumb"").toggleClass(""closed"");
						}
					});
				}
				
			    videocategoryThumbToggle("".${component.widgetClass}"");
				[#if component.videoCatebtnOpenStyle??]
				$("".${component.widgetClass} .artLi.on"").parents("".artLi"").each(function(){
					$(this).addClass(""on"");
				})
				[/#if]
			})
		[/@web_javascript]
	[#--设置菜单展开效果--]
		[@web_javascript collect=""true"" pm_script=""${component.widgetClass!}"" jumpTo=""${settingId!}""]
			(function(window, $, undefined){
				$(function(){
					[#if !component.cateShowStyle?? || component.cateShowStyle == '7' || component.cateShowStyle == '11' || component.cateShowStyle == '14' || component.cateShowStyle == '1']
						$('.${component.widgetClass} .with-submenu,.${component.widgetClass} .submenu-default-gray').slightSubmenu({buttonActivateEvents: 'click click',submenuOpeneTime:400});
						$('.${component.widgetClass} .submenu-default-simple').slightSubmenu({buttonActivateEvents: 'click click',submenuOpeneTime:10});
						[#if component.videoCatebtnOpenStyle?? && component.videoCatebtnOpenStyle != ""0""] 
							[#--设置菜单展开效果--]
							[#if component.videoCatebtnOpenStyle == ""1""]
								var showList = $('.${component.widgetClass} .submenu-default-simple').find("">.li-with-ul"");
							[#elseif component.videoCatebtnOpenStyle == ""2""]
								var showList = $('.${component.widgetClass} .sitewidget-bd > .submenu-default-simple').find("">.li-with-ul"");
							[/#if]
							showList.addClass(""submenuUlShow"").find("">.slight-submenu-button"").addClass(""opened"");
							showList.find("">ul"").show();
						[/#if]
					[/#if]
				});
				[#--点击链接后展开二级组--]
				$(function() {
					var subListOn = $("".${component.widgetClass} .slight-submenu-wrap ul .on"");
					if(subListOn.length){
						subListOn.parent().show();
						subListOn.parent().siblings("".slight-submenu-button"").addClass(""opened"");
					}
				});
			})(window, jQuery);
		[/@web_javascript]
		[#--设置菜单展开效果--]
		[#include ""/phoenix/lab/component_labjs_include.html"" /]
[#-- 后台组件包裹框注册.script节点一定要在组件div内--]
[@web_backend]
	[@web_javascript]
		(function(window,jQuery,undefined){
			// 组件包裹框注册
			$(function(){
				$_phoenix.pagefunc.component_management.setup('${settingId!''}',{title: '[@phoenix_directive_i18n code=""component_alias_name_${component.componentAlias!}"" txt=""${component.componentName!}""/]'});
			});
		})(window,jQuery)
	[/@web_javascript]
[/@web_backend]
</div>
[/@phoenix_component]","-1","20230815154337","11254","2020-05-14 16:38:04","429524","易永杰","2023-08-11 15:03:18","10280744","胡永乐","-1","0"
"233614","1","view_default.html","[@phoenix_component settingId=""${settingId!''}"" relationCommonId=""${relationCommonId!''}""]
[@web_depand_component_sourceMap uuid=""${component.componentAlias!}${settingId!}"" settingId=""${settingId!}"" componentAlias=""${component.componentAlias!''}"" /]
<div class=""asd"" style=""display:none""></div>
<div class=""backstage-stwidgets-settingwrap"" scope=""${scope}"" settingId=""${settingId!''}"" id=""component_${settingId!''}"" relationCommonId=""${relationCommonId!''}"" classAttr=""${component.widgetClass}"">
	<div class=""sitewidget-video_detail ${component.widgetClass}"">
		<div class=""sitewidget-hd""><h2>${component.componentTitle!?html}</h2></div>
		<div  class=""sitewidget-bd"">
			[@table_select showType=""1""  serviceName=""phoenixFrontemdVideoService"" videoId=""${videoId!''}""]
                [#if table_data??]
                <div class=""video_detail"">
                      <div class=""video_detail_paly"">
                        <input type=""hidden"" name=""flag"" value=""${table_data.showFlag}""> 
                        [#if table_data.showFlag=='0']
                            <div class=""video_detail_palying showFlag0"">
                                [@s.m ""FLKpUAfANfAg_thisVideoIsDown"" /]
                            </div>
                        [#else]
                            [#if table_data.contents??]
                                [#list table_data.contents as cate]
                                <div class=""video_detail_palying"">
                                    [#if cate.videoId?? && cate.videoId == '']
                                        <iframe class=""iframe_detail_palying_src"" src='${table_data.thirdPartyLink!''}' frameborder=""0"" scrolling=""no"" height=""500px"" width=""100%""></iframe>
                                    [#else]
                                        <video id=""video_detail_play_${cate_index}"" poster=""${cate.photoUrl}"" class=""video_detail_palying_src video-js"" style=""max-width:100%;display:block;margin:0 auto"" controls="""" name=""media"" src=""""></video>
                                    [/#if]
                                </div>
                                <h1 class=""video_detail_name"">${cate.name!''}</h1>
                                <div class=""video_detail_desc"">${cate.desc!''}</div>
                                <div class=""video_detail_desc"">${cate.id!''}</div>
                                [/#list]
                            [/#if]
                        [/#if]
                        </div>
                </div>
                [#else]
                    [@web_backend]
            			[@s.m ""FLKpUAfANfAg_component_cont_txt_video_detail1"" /]
                    [/@web_backend]
                [/#if]

            	[#-- 视频详情结构化数据 --]
            	<script type=""application/ld+json"">${JSONLD!''}</script>
            	[@web_frontend]
                    [@web_javascript collect=""true"" pm_script=""${component.widgetClass!}"" jumpTo=""${settingId!}""]
                        (function(window,$,undefined){
                            $(function(){
                                if('${table_data.contents[0].videoId!''}' == ''){
                                    $('#'+'component_${settingId!''}').find("".iframe_detail_palying_src"").css('max-width','960px')
                                    $('#'+'component_${settingId!''}').find("".iframe_detail_palying_src"").css('max-height','540px')
                                    $('#'+'component_${settingId!''}').find("".iframe_detail_palying_src"").css('min-height','400px')
                                    $('#'+'component_${settingId!''}').find("".iframe_detail_palying_src"").css('width','100%')
                                    return false;
                                }else{
                                    <!-- console.log(""${table_data.contents[0].videoId!''}"",'loacalVideoSrc') -->
                                    <!-- phoenixSite.videoDetail.videoUrl('${table_data.contents[0].videoId!''}','upload'); -->
                                    <!-- console.log('loacalVideoSrccccccccccc') -->

                                    $('#'+'component_${settingId!''}').find("".iframe_detail_palying_src"").hide()
                                    var url = ' /phoenix/admin/video/url?photoId=' + '${table_data.contents[0].videoId!''}';
                                    $.ajax({
                                        url: url,
                                        type: 'get',
                                        success: function(xhr) {
                                            var data = JSON.parse(xhr);
                                            $('#'+'component_${settingId!''}').find("".video_detail_palying_src"").each(function(i) {
                                                
                                                if (data.video_url) {
                                                    // 如果当前为微信环境，并且后端返回值
                                                    if(is_weixin() == true && data.mp4Url){
                                                        data.video_url = data.mp4Url;
                                                    }
                                                    var httpU1 = data.video_url.substring(0, 2);
                                                    var httpU2 = data.video_url.substring(0, 4);
                                                    var httpU3 = data.video_url.substring(0, 5);
                                                    if (httpU1 == '//' || 'http' == httpU2 || 'https' == httpU3) {
                                                        
                                                        $(this).attr('src', data.video_url);
                                                        
                                                    } else {
                                                        $(this).attr('src', '//' + data.video_url);
                                                    }
                                                    var video_type = 'video/mp4';
                                                    if(data.video_url.indexOf('mediaType=m3u8') > -1){
                                                        video_type = 'application/x-mpegURL';
                                                    }
                                                    if (videojs != undefined) {
                                                        videojs('#video_detail_play_'+i,{
                                                            muted:true,
                                                            autoplay:false,
                                                            sources:[{
                                                                src:data.video_url,
                                                                type:video_type
                                                            }]
                                                        })
                                                    }
                                                }
                                            });

                                            // 判断当前是否为微信
                                            function is_weixin(){
                                                var ua = navigator.userAgent.toLowerCase();
                                                if(ua.match(/MicroMessenger/i) == ""micromessenger"") {
                                                    return true
                                                }else{
                                                    return false
                                                }
                                            }
                                        }
                                    });
                                    return false;
                                }
                                
                            });
                        })(window,jQuery)
                    [/@web_javascript]
            	[/@web_frontend]
			[/@table_select]
            
		</div>
	</div>
	[#-- 后台组件包裹框注册.script节点一定要在组件div内--]
	[@web_backend]
		[@web_javascript auto_delete='false']
			(function(window,jQuery,undefined){
				// 组件包裹框注册
				$(function(){
					$_phoenix.pagefunc.component_management.setup('${settingId!''}',{title: '[@phoenix_directive_i18n code=""component_alias_name_${component.videoDetail!}"" txt=""${component.componentName!}""/]'});
				});
			})(window,jQuery)
		[/@web_javascript]
	[/@web_backend]
</div>
[#include ""/phoenix/lab/component_labjs_include.html"" /]
[/@phoenix_component]","-1","20240326175437","3001","2018-09-11 16:37:01","183491","demo-guoxiaotian","2024-03-25 15:12:35","11880782","胡志海","-1","0"
"236294","1","view_default.html","[@phoenix_component settingId=""${settingId!''}"" relationCommonId=""${relationCommonId!''}""]
[@web_depand_component_sourceMap uuid=""${component.componentAlias!}${settingId!}"" componentAlias=""${component.componentAlias!''}""  /]
<div class=""backstage-stwidgets-settingwrap"" scope=""${scope}"" settingId=""${settingId!''}"" id=""component_${settingId!''}"" relationCommonId=""${relationCommonId!''}"" classAttr=""${component.widgetClass}"">
	<div class=""sitewidget-relative-video ${component.widgetClass}"">
		[#if component.componentTitle??]
			<div class=""sitewidget-hd"">
				<h2>${component.componentTitle!?html}</h2>
			</div>
		[/#if]
		<div class=""sitewidget-bd"">
			[@web_backend]
    		        <p class=""pl10"">请进入“内容”》“视频管理”》“添加视频”，进相关视频的添加，添加好的相关视频会自动展示出来。</p>
    		    [/@web_backend]
				[@web_frontend]
			[@table_select serviceName=""phoenixFrontemdVideoService"" relationVideoId=""${videoId!''}"" showType=""0"" selectVideoCateType=""3"" pageSize=""${component.pageSize!'10'}""]
    		[#if table_data?? && table_data?size != 0]
    		    [#if component.relatedVideoStyle?? && component.relatedVideoStyle == '0']
    		        [#include ""related_video_style_0.html"" /]
    		    [#elseif component.relatedVideoStyle?? && component.relatedVideoStyle == '1']
    		        [#include ""related_video_style_1.html"" /]
    		    [#elseif component.relatedVideoStyle?? && component.relatedVideoStyle == '2']
    		        [#include ""related_video_style_2.html"" /]
    		    [#else]
    		        [#include ""related_video_style_3.html"" /]
    		    [/#if]
    		[#else]
    		        <p class=""ml10"">
    		            [@s.m ""phoenix_article_empty""/]
    		        </p>
    		[/#if]
			[/@table_select]
			 [/@web_frontend]
		</div>
	</div>
</div>
[#-- 后台组件包裹框注册.script节点一定要在组件div内--]
[@web_backend]
	[@web_javascript auto_delete='false']
		(function(window,jQuery,undefined){
			// 组件包裹框注册
			$(function(){
				$_phoenix.pagefunc.component_management.setup('${settingId!''}',{title: '[@phoenix_directive_i18n code=""component_alias_name_${component.componentAlias!}"" txt=""${component.componentName!}""/]'});
			});
		})(window,jQuery)
	[/@web_javascript]
[/@web_backend]
[#include ""/phoenix/lab/component_labjs_include.html"" /]
[/@phoenix_component]","-1","20240423111241","29834","2024-04-07 17:39:08","11903902","李梦婷","2024-04-19 09:32:13","11903902","李梦婷","-1","0"
"294984","1","view_default.html","[@phoenix_component settingId=""${settingId!''}"" relationCommonId=""${relationCommonId!''}""]
[@web_depand_component_sourceMap uuid=""${component.componentAlias!}${settingId!}"" settingId=""${settingId!}"" componentAlias=""${component.componentAlias!''}"" /]
<div class=""asd"" style=""display:none""></div>
<div class=""backstage-stwidgets-settingwrap"" scope=""${scope}"" settingId=""${settingId!''}"" id=""component_${settingId!''}"" relationCommonId=""${relationCommonId!''}"" classAttr=""${component.widgetClass}"">
	<div class=""sitewidget-video_detail ${component.widgetClass}"">
        [#assign fontMap = {
            '1': 'h1',
            '2': 'h2',
            '3': 'h3',
            '4': 'h4',
            '5': 'h5',
            '6': 'h6',
            '7': 'p'
        } /]
	    [#assign htmlTarget = fontMap[component.titleHx!'']! 'h2' /]
		<div class=""sitewidget-hd""><${htmlTarget}>${component.componentTitle!?html}</${htmlTarget}></div>
		<div  class=""sitewidget-bd"">
			[@table_select showType=""1""  serviceName=""phoenixFrontemdVideoService"" videoId=""${videoId!''}""]
                [#if table_data??]
                <div class=""video_detail"">
                      <div class=""video_detail_paly"">
                        <input type=""hidden"" name=""flag"" value=""${table_data.showFlag}""> 
                        [#if table_data.showFlag=='0']
                            <div class=""video_detail_palying showFlag0"">
                                [@s.m ""FLKpUAfANfAg_thisVideoIsDown"" /]
                            </div>
                        [#else]
                            [#if table_data.contents??]
                                [#list table_data.contents as cate]
                                <div class=""video_detail_palying"">
                                    [#if cate.videoId?? && cate.videoId == '']
                                        <iframe class=""iframe_detail_palying_src"" src='${table_data.thirdPartyLink!''}' frameborder=""0"" scrolling=""no"" height=""500px"" width=""100%""></iframe>
                                    [#else]
                                        <video id=""video_detail_play_${cate_index}"" poster=""${cate.photoUrl}"" class=""video_detail_palying_src video-js"" style=""max-width:100%;display:block;margin:0 auto"" controls="""" name=""media"" src=""""></video>
                                    [/#if]
                                </div>
                                <h1 class=""video_detail_name"">${cate.name!''}</h1>
                                <div class=""video_detail_desc"">${cate.desc!''}</div>
                                <div class=""video_detail_desc"">${cate.id!''}</div>
                                [/#list]
                            [/#if]
                        [/#if]
                        </div>
                </div>
                [#else]
                    [@web_backend]
            			[@s.m ""FLKpUAfANfAg_component_cont_txt_video_detail1"" /]
                    [/@web_backend]
                [/#if]

            	[#-- 视频详情结构化数据 --]
            	<script type=""application/ld+json"">${JSONLD!''}</script>
            	[@web_frontend]
                    [@web_javascript collect=""true"" pm_script=""${component.widgetClass!}"" jumpTo=""${settingId!}""]
                        (function(window,$,undefined){
                            $(function(){
                                if('${table_data.contents[0].videoId!''}' == ''){
                                    $('#'+'component_${settingId!''}').find("".iframe_detail_palying_src"").css('max-width','960px')
                                    $('#'+'component_${settingId!''}').find("".iframe_detail_palying_src"").css('max-height','540px')
                                    $('#'+'component_${settingId!''}').find("".iframe_detail_palying_src"").css('min-height','400px')
                                    $('#'+'component_${settingId!''}').find("".iframe_detail_palying_src"").css('width','100%')
                                    return false;
                                }else{
                                    <!-- console.log(""${table_data.contents[0].videoId!''}"",'loacalVideoSrc') -->
                                    <!-- phoenixSite.videoDetail.videoUrl('${table_data.contents[0].videoId!''}','upload'); -->
                                    <!-- console.log('loacalVideoSrccccccccccc') -->

                                    $('#'+'component_${settingId!''}').find("".iframe_detail_palying_src"").hide()
                                    var url = ' /phoenix/admin/video/url?photoId=' + '${table_data.contents[0].videoId!''}';
                                    $.ajax({
                                        url: url,
                                        type: 'get',
                                        success: function(xhr) {
                                            var data = JSON.parse(xhr);
                                            $('#'+'component_${settingId!''}').find("".video_detail_palying_src"").each(function(i) {
                                                
                                                if (data.video_url) {
                                                    // 如果当前为微信环境，并且后端返回值
                                                    if(is_weixin() == true && data.mp4Url){
                                                        data.video_url = data.mp4Url;
                                                    }
                                                    var httpU1 = data.video_url.substring(0, 2);
                                                    var httpU2 = data.video_url.substring(0, 4);
                                                    var httpU3 = data.video_url.substring(0, 5);
                                                    if (httpU1 == '//' || 'http' == httpU2 || 'https' == httpU3) {
                                                        
                                                        $(this).attr('src', data.video_url);
                                                        
                                                    } else {
                                                        $(this).attr('src', '//' + data.video_url);
                                                    }
                                                    var video_type = 'video/mp4';
                                                    if(data.video_url.indexOf('mediaType=m3u8') > -1){
                                                        video_type = 'application/x-mpegURL';
                                                    }
                                                    if (videojs != undefined) {
                                                        videojs('#video_detail_play_'+i,{
                                                            muted:true,
                                                            autoplay:false,
                                                            sources:[{
                                                                src:data.video_url,
                                                                type:video_type
                                                            }]
                                                        })
                                                    }
                                                }
                                            });

                                            // 判断当前是否为微信
                                            function is_weixin(){
                                                var ua = navigator.userAgent.toLowerCase();
                                                if(ua.match(/MicroMessenger/i) == ""micromessenger"") {
                                                    return true
                                                }else{
                                                    return false
                                                }
                                            }
                                        }
                                    });
                                    return false;
                                }
                                
                            });
                        })(window,jQuery)
                    [/@web_javascript]
            	[/@web_frontend]
			[/@table_select]
            
		</div>
	</div>
	[#-- 后台组件包裹框注册.script节点一定要在组件div内--]
	[@web_backend]
		[@web_javascript auto_delete='false']
			(function(window,jQuery,undefined){
				// 组件包裹框注册
				$(function(){
					$_phoenix.pagefunc.component_management.setup('${settingId!''}',{title: '[@phoenix_directive_i18n code=""component_alias_name_${component.videoDetail!}"" txt=""${component.componentName!}""/]'});
				});
			})(window,jQuery)
		[/@web_javascript]
	[/@web_backend]
</div>
[#include ""/phoenix/lab/component_labjs_include.html"" /]
[/@phoenix_component]","-1","20250814211038","3001","2018-09-11 16:37:01","183491","demo-guoxiaotian","2025-08-07 10:06:18","10311554","陈蓉琪","-1","0"
"295024","1","view_default.html","[@phoenix_component settingId=""${settingId!''}"" relationCommonId=""${relationCommonId!''}""]
[@web_depand_component_sourceMap uuid=""${component.componentAlias!}${settingId!}"" componentAlias=""${component.componentAlias!''}""  /]
<div class=""backstage-stwidgets-settingwrap"" scope=""${scope}"" settingId=""${settingId!''}"" id=""component_${settingId!''}"" relationCommonId=""${relationCommonId!''}"" classAttr=""${component.widgetClass}"">
	<div class=""sitewidget-relative-video ${component.widgetClass}"">
		[#assign fontMap = {
			'1': 'h1',
			'2': 'h2',
			'3': 'h3',
			'4': 'h4',
			'5': 'h5',
			'6': 'h6',
			'7': 'p'
		} /]
		[#assign htmlTarget = fontMap[component.titleHx!'']! 'h2' /]
		[#if component.componentTitle??]
			<div class=""sitewidget-hd"">
				<${htmlTarget}>${component.componentTitle!?html}</${htmlTarget}>
			</div>
		[/#if]
		<div class=""sitewidget-bd"">
			[@web_backend]
    		        <p class=""pl10"">请进入“内容”》“视频管理”》“添加视频”，进相关视频的添加，添加好的相关视频会自动展示出来。</p>
    		    [/@web_backend]
				[@web_frontend]
			[@table_select serviceName=""phoenixFrontemdVideoService"" relationVideoId=""${videoId!''}"" showType=""0"" selectVideoCateType=""3"" pageSize=""${component.pageSize!'10'}""]
    		[#if table_data?? && table_data?size != 0]
    		    [#if component.relatedVideoStyle?? && component.relatedVideoStyle == '0']
    		        [#include ""related_video_style_0.html"" /]
    		    [#elseif component.relatedVideoStyle?? && component.relatedVideoStyle == '1']
    		        [#include ""related_video_style_1.html"" /]
    		    [#elseif component.relatedVideoStyle?? && component.relatedVideoStyle == '2']
    		        [#include ""related_video_style_2.html"" /]
    		    [#else]
    		        [#include ""related_video_style_3.html"" /]
    		    [/#if]
    		[#else]
    		        <p class=""ml10"">
    		            [@s.m ""phoenix_article_empty""/]
    		        </p>
    		[/#if]
			[/@table_select]
			 [/@web_frontend]
		</div>
	</div>
</div>
[#-- 后台组件包裹框注册.script节点一定要在组件div内--]
[@web_backend]
	[@web_javascript auto_delete='false']
		(function(window,jQuery,undefined){
			// 组件包裹框注册
			$(function(){
				$_phoenix.pagefunc.component_management.setup('${settingId!''}',{title: '[@phoenix_directive_i18n code=""component_alias_name_${component.componentAlias!}"" txt=""${component.componentName!}""/]'});
			});
		})(window,jQuery)
	[/@web_javascript]
[/@web_backend]
[#include ""/phoenix/lab/component_labjs_include.html"" /]
[/@phoenix_component]","-1","20250814211048","29834","2024-04-07 17:39:08","11903902","李梦婷","2025-08-07 10:08:45","10311554","陈蓉琪","-1","0"
"295544","1","view_default.html","[@phoenix_component settingId=""${settingId!''}"" relationCommonId=""${relationCommonId!''}""]
[@web_depand_component_sourceMap uuid=""${component.componentAlias!}${settingId!}"" componentAlias=""${component.componentAlias!''}""  /]
<div class=""backstage-stwidgets-settingwrap"" scope=""${scope}"" settingId=""${settingId!''}"" id=""component_${settingId!''}"" relationCommonId=""${relationCommonId!''}"" classAttr=""${component.widgetClass}"">
	<div class=""sitewidget-relative-video ${component.widgetClass}"">
		[#assign fontMap = {
			'1': 'h1',
			'2': 'h2',
			'3': 'h3',
			'4': 'h4',
			'5': 'h5',
			'6': 'h6',
			'7': 'p'
		} /]
		[#assign htmlTarget = fontMap[component.titleHx!'']! 'h2' /]
		[#if component.componentTitle??]
			<div class=""sitewidget-hd"">
				<${htmlTarget}>${component.componentTitle!?html}</${htmlTarget}>
			</div>
		[/#if]
		<div class=""sitewidget-bd"">
			[@web_backend]
    		        <p class=""pl10"">请进入“内容”》“视频管理”》“添加视频”，进相关视频的添加，添加好的相关视频会自动展示出来。</p>
    		    [/@web_backend]
				[@web_frontend]
			[@table_select serviceName=""phoenixFrontemdVideoService"" relationVideoId=""${videoId!''}"" showType=""0"" selectVideoCateType=""3"" pageSize=""${component.pageSize!'10'}""]
    		[#if table_data?? && table_data?size != 0]
    		    [#if component.relatedVideoStyle?? && component.relatedVideoStyle == '0']
    		        [#include ""related_video_style_0.html"" /]
    		    [#elseif component.relatedVideoStyle?? && component.relatedVideoStyle == '1']
    		        [#include ""related_video_style_1.html"" /]
    		    [#elseif component.relatedVideoStyle?? && component.relatedVideoStyle == '2']
    		        [#include ""related_video_style_2.html"" /]
    		    [#else]
    		        [#include ""related_video_style_3.html"" /]
    		    [/#if]
    		[#else]
    		        <p class=""ml10"">
    		            [@s.m ""phoenix_article_empty""/]
    		        </p>
    		[/#if]
			[/@table_select]
			 [/@web_frontend]
		</div>
	</div>
</div>
[#-- 后台组件包裹框注册.script节点一定要在组件div内--]
[@web_backend]
	[@web_javascript auto_delete='false']
		(function(window,jQuery,undefined){
			// 组件包裹框注册
			$(function(){
				$_phoenix.pagefunc.component_management.setup('${settingId!''}',{title: '[@phoenix_directive_i18n code=""component_alias_name_${component.componentAlias!}"" txt=""${component.componentName!}""/]'});
			});
		})(window,jQuery)
	[/@web_javascript]
[/@web_backend]
[#include ""/phoenix/lab/component_labjs_include.html"" /]
[/@phoenix_component]","-1","20250826095719","29834","2024-04-07 17:39:08","11903902","李梦婷","2025-08-07 10:08:45","10311554","陈蓉琪","-1","0"
"295564","1","view_default.html","[@phoenix_component settingId=""${settingId!''}"" relationCommonId=""${relationCommonId!''}""]
[@web_depand_component_sourceMap uuid=""${component.componentAlias!}${settingId!}"" settingId=""${settingId!}"" componentAlias=""${component.componentAlias!''}"" /]
<div class=""asd"" style=""display:none""></div>
<div class=""backstage-stwidgets-settingwrap"" scope=""${scope}"" settingId=""${settingId!''}"" id=""component_${settingId!''}"" relationCommonId=""${relationCommonId!''}"" classAttr=""${component.widgetClass}"">
	<div class=""sitewidget-video_detail ${component.widgetClass}"">
        [#assign fontMap = {
            '1': 'h1',
            '2': 'h2',
            '3': 'h3',
            '4': 'h4',
            '5': 'h5',
            '6': 'h6',
            '7': 'p'
        } /]
	    [#assign htmlTarget = fontMap[component.titleHx!'']! 'h2' /]
		<div class=""sitewidget-hd""><${htmlTarget}>${component.componentTitle!?html}</${htmlTarget}></div>
		<div  class=""sitewidget-bd"">
			[@table_select showType=""1""  serviceName=""phoenixFrontemdVideoService"" videoId=""${videoId!''}""]
                [#if table_data??]
                <div class=""video_detail"">
                      <div class=""video_detail_paly"">
                        <input type=""hidden"" name=""flag"" value=""${table_data.showFlag}""> 
                        [#if table_data.showFlag=='0']
                            <div class=""video_detail_palying showFlag0"">
                                [@s.m ""FLKpUAfANfAg_thisVideoIsDown"" /]
                            </div>
                        [#else]
                            [#if table_data.contents??]
                                [#list table_data.contents as cate]
                                <div class=""video_detail_palying"">
                                    [#if cate.videoId?? && cate.videoId == '']
                                        <iframe class=""iframe_detail_palying_src"" src='${table_data.thirdPartyLink!''}' frameborder=""0"" scrolling=""no"" height=""500px"" width=""100%""></iframe>
                                    [#else]
                                        <video id=""video_detail_play_${cate_index}"" poster=""${cate.photoUrl}"" class=""video_detail_palying_src video-js"" style=""max-width:100%;display:block;margin:0 auto"" controls="""" name=""media"" src=""""></video>
                                    [/#if]
                                </div>
                                <h1 class=""video_detail_name"">${cate.name!''}</h1>
                                <div class=""video_detail_desc"">${cate.desc!''}</div>
                                <div class=""video_detail_desc"">${cate.id!''}</div>
                                [/#list]
                            [/#if]
                        [/#if]
                        </div>
                </div>
                [#else]
                    [@web_backend]
            			[@s.m ""FLKpUAfANfAg_component_cont_txt_video_detail1"" /]
                    [/@web_backend]
                [/#if]

            	[#-- 视频详情结构化数据 --]
            	<script type=""application/ld+json"">${JSONLD!''}</script>
            	[@web_frontend]
                    [@web_javascript collect=""true"" pm_script=""${component.widgetClass!}"" jumpTo=""${settingId!}""]
                        (function(window,$,undefined){
                            $(function(){
                                if('${table_data.contents[0].videoId!''}' == ''){
                                    $('#'+'component_${settingId!''}').find("".iframe_detail_palying_src"").css('max-width','960px')
                                    $('#'+'component_${settingId!''}').find("".iframe_detail_palying_src"").css('max-height','540px')
                                    $('#'+'component_${settingId!''}').find("".iframe_detail_palying_src"").css('min-height','400px')
                                    $('#'+'component_${settingId!''}').find("".iframe_detail_palying_src"").css('width','100%')
                                    return false;
                                }else{
                                    <!-- console.log(""${table_data.contents[0].videoId!''}"",'loacalVideoSrc') -->
                                    <!-- phoenixSite.videoDetail.videoUrl('${table_data.contents[0].videoId!''}','upload'); -->
                                    <!-- console.log('loacalVideoSrccccccccccc') -->

                                    $('#'+'component_${settingId!''}').find("".iframe_detail_palying_src"").hide()
                                    var url = ' /phoenix/admin/video/url?photoId=' + '${table_data.contents[0].videoId!''}';
                                    $.ajax({
                                        url: url,
                                        type: 'get',
                                        success: function(xhr) {
                                            var data = JSON.parse(xhr);
                                            $('#'+'component_${settingId!''}').find("".video_detail_palying_src"").each(function(i) {
                                                
                                                if (data.video_url) {
                                                    // 如果当前为微信环境，并且后端返回值
                                                    if(is_weixin() == true && data.mp4Url){
                                                        data.video_url = data.mp4Url;
                                                    }
                                                    var httpU1 = data.video_url.substring(0, 2);
                                                    var httpU2 = data.video_url.substring(0, 4);
                                                    var httpU3 = data.video_url.substring(0, 5);
                                                    if (httpU1 == '//' || 'http' == httpU2 || 'https' == httpU3) {
                                                        
                                                        $(this).attr('src', data.video_url);
                                                        
                                                    } else {
                                                        $(this).attr('src', '//' + data.video_url);
                                                    }
                                                    var video_type = 'video/mp4';
                                                    if(data.video_url.indexOf('mediaType=m3u8') > -1){
                                                        video_type = 'application/x-mpegURL';
                                                    }
                                                    if (videojs != undefined) {
                                                        videojs('#video_detail_play_'+i,{
                                                            muted:true,
                                                            autoplay:false,
                                                            sources:[{
                                                                src:data.video_url,
                                                                type:video_type
                                                            }]
                                                        })
                                                    }
                                                }
                                            });

                                            // 判断当前是否为微信
                                            function is_weixin(){
                                                var ua = navigator.userAgent.toLowerCase();
                                                if(ua.match(/MicroMessenger/i) == ""micromessenger"") {
                                                    return true
                                                }else{
                                                    return false
                                                }
                                            }
                                        }
                                    });
                                    return false;
                                }
                                
                            });
                        })(window,jQuery)
                    [/@web_javascript]
            	[/@web_frontend]
			[/@table_select]
            
		</div>
	</div>
	[#-- 后台组件包裹框注册.script节点一定要在组件div内--]
	[@web_backend]
		[@web_javascript auto_delete='false']
			(function(window,jQuery,undefined){
				// 组件包裹框注册
				$(function(){
					$_phoenix.pagefunc.component_management.setup('${settingId!''}',{title: '[@phoenix_directive_i18n code=""component_alias_name_${component.videoDetail!}"" txt=""${component.componentName!}""/]'});
				});
			})(window,jQuery)
		[/@web_javascript]
	[/@web_backend]
</div>
[#include ""/phoenix/lab/component_labjs_include.html"" /]
[/@phoenix_component]","-1","20250826095726","3001","2018-09-11 16:37:01","183491","demo-guoxiaotian","2025-08-07 10:06:18","10311554","陈蓉琪","-1","0"
"295584","1","view_default.html","[@phoenix_component settingId=""${settingId!''}"" relationCommonId=""${relationCommonId!''}""]
[@web_depand_component_sourceMap uuid=""${component.componentAlias!}${settingId!}"" settingId=""${settingId!}"" componentAlias=""${component.componentAlias!''}"" /]
<div class=""asd"" style=""display:none""></div>
<div class=""backstage-stwidgets-settingwrap"" scope=""${scope}"" settingId=""${settingId!''}"" id=""component_${settingId!''}"" relationCommonId=""${relationCommonId!''}"" classAttr=""${component.widgetClass}"">
	<div class=""sitewidget-video_detail ${component.widgetClass}"">
        [#assign fontMap = {
            '1': 'h1',
            '2': 'h2',
            '3': 'h3',
            '4': 'h4',
            '5': 'h5',
            '6': 'h6',
            '7': 'p'
        } /]
	    [#assign htmlTarget = fontMap[component.titleHx!'']! 'h2' /]
		<div class=""sitewidget-hd""><${htmlTarget}>${component.componentTitle!?html}</${htmlTarget}></div>
		<div  class=""sitewidget-bd"">
			[@table_select showType=""1""  serviceName=""phoenixFrontemdVideoService"" videoId=""${videoId!''}""]
                [#if table_data??]
                <div class=""video_detail"">
                      <div class=""video_detail_paly"">
                        <input type=""hidden"" name=""flag"" value=""${table_data.showFlag}""> 
                        [#if table_data.showFlag=='0']
                            <div class=""video_detail_palying showFlag0"">
                                [@s.m ""FLKpUAfANfAg_thisVideoIsDown"" /]
                            </div>
                        [#else]
                            [#if table_data.contents??]
                                [#list table_data.contents as cate]
                                <div class=""video_detail_palying"">
                                    [#if cate.videoId?? && cate.videoId == '']
                                        <iframe class=""iframe_detail_palying_src"" src='${table_data.thirdPartyLink!''}' frameborder=""0"" scrolling=""no"" height=""500px"" width=""100%""></iframe>
                                    [#else]
                                        <video id=""video_detail_play_${cate_index}"" poster=""${cate.photoUrl}"" class=""video_detail_palying_src video-js"" style=""max-width:100%;display:block;margin:0 auto"" controls="""" name=""media"" src=""""></video>
                                    [/#if]
                                </div>
                                <h1 class=""video_detail_name"">${cate.name!''}</h1>
                                <div class=""video_detail_desc"">${cate.desc!''}</div>
                                <div class=""video_detail_desc"">${cate.id!''}</div>
                                [/#list]
                            [/#if]
                        [/#if]
                        </div>
                </div>
                [#else]
                    [@web_backend]
            			[@s.m ""FLKpUAfANfAg_component_cont_txt_video_detail1"" /]
                    [/@web_backend]
                [/#if]

            	[#-- 视频详情结构化数据 --]
            	<script type=""application/ld+json"">${JSONLD!''}</script>
            	[@web_frontend]
                    [@web_javascript collect=""true"" pm_script=""${component.widgetClass!}"" jumpTo=""${settingId!}""]
                        (function(window,$,undefined){
                            $(function(){
                                if('${table_data.contents[0].videoId!''}' == ''){
                                    $('#'+'component_${settingId!''}').find("".iframe_detail_palying_src"").css('max-width','960px')
                                    $('#'+'component_${settingId!''}').find("".iframe_detail_palying_src"").css('max-height','540px')
                                    $('#'+'component_${settingId!''}').find("".iframe_detail_palying_src"").css('min-height','400px')
                                    $('#'+'component_${settingId!''}').find("".iframe_detail_palying_src"").css('width','100%')
                                    return false;
                                }else{
                                    <!-- console.log(""${table_data.contents[0].videoId!''}"",'loacalVideoSrc') -->
                                    <!-- phoenixSite.videoDetail.videoUrl('${table_data.contents[0].videoId!''}','upload'); -->
                                    <!-- console.log('loacalVideoSrccccccccccc') -->

                                    $('#'+'component_${settingId!''}').find("".iframe_detail_palying_src"").hide()
                                    var url = ' /phoenix/admin/video/url?photoId=' + '${table_data.contents[0].videoId!''}';
                                    $.ajax({
                                        url: url,
                                        type: 'get',
                                        success: function(xhr) {
                                            var data = JSON.parse(xhr);
                                            $('#'+'component_${settingId!''}').find("".video_detail_palying_src"").each(function(i) {
                                                
                                                if (data.video_url) {
                                                    // 如果当前为微信环境，并且后端返回值
                                                    if(is_weixin() == true && data.mp4Url){
                                                        data.video_url = data.mp4Url;
                                                    }
                                                    var httpU1 = data.video_url.substring(0, 2);
                                                    var httpU2 = data.video_url.substring(0, 4);
                                                    var httpU3 = data.video_url.substring(0, 5);
                                                    if (httpU1 == '//' || 'http' == httpU2 || 'https' == httpU3) {
                                                        
                                                        $(this).attr('src', data.video_url);
                                                        
                                                    } else {
                                                        $(this).attr('src', '//' + data.video_url);
                                                    }
                                                    var video_type = 'video/mp4';
                                                    if(data.video_url.indexOf('mediaType=m3u8') > -1){
                                                        video_type = 'application/x-mpegURL';
                                                    }
                                                    if (videojs != undefined) {
                                                        videojs('#video_detail_play_'+i,{
                                                            muted:true,
                                                            autoplay:false,
                                                            sources:[{
                                                                src:data.video_url,
                                                                type:video_type
                                                            }]
                                                        })
                                                    }
                                                }
                                            });

                                            // 判断当前是否为微信
                                            function is_weixin(){
                                                var ua = navigator.userAgent.toLowerCase();
                                                if(ua.match(/MicroMessenger/i) == ""micromessenger"") {
                                                    return true
                                                }else{
                                                    return false
                                                }
                                            }
                                        }
                                    });
                                    return false;
                                }
                                
                            });
                        })(window,jQuery)
                    [/@web_javascript]
            	[/@web_frontend]
			[/@table_select]
            
		</div>
	</div>
	[#-- 后台组件包裹框注册.script节点一定要在组件div内--]
	[@web_backend]
		[@web_javascript auto_delete='false']
			(function(window,jQuery,undefined){
				// 组件包裹框注册
				$(function(){
					$_phoenix.pagefunc.component_management.setup('${settingId!''}',{title: '[@phoenix_directive_i18n code=""component_alias_name_${component.videoDetail!}"" txt=""${component.componentName!}""/]'});
				});
			})(window,jQuery)
		[/@web_javascript]
	[/@web_backend]
</div>
[#include ""/phoenix/lab/component_labjs_include.html"" /]
[/@phoenix_component]","-1","20250826095740","3001","2018-09-11 16:37:01","183491","demo-guoxiaotian","2025-08-07 10:06:18","10311554","陈蓉琪","-1","0"
"301014","1","view_default.html","[@phoenix_component settingId=""${settingId!''}"" relationCommonId=""${relationCommonId!''}""]
[@web_depand_component_sourceMap uuid=""${component.componentAlias!}${settingId!}"" settingId=""${settingId!}"" componentAlias=""${component.componentAlias!''}"" /]
<div class=""asd"" style=""display:none""></div>
<div class=""backstage-stwidgets-settingwrap"" scope=""${scope}"" settingId=""${settingId!''}"" id=""component_${settingId!''}"" relationCommonId=""${relationCommonId!''}"" classAttr=""${component.widgetClass}"">
	<div class=""sitewidget-video_detail ${component.widgetClass}"">
        [#assign fontMap = {
            '1': 'h1',
            '2': 'h2',
            '3': 'h3',
            '4': 'h4',
            '5': 'h5',
            '6': 'h6',
            '7': 'p'
        } /]
	    [#assign htmlTarget = fontMap[component.titleHx!'']! 'h2' /]
		<div class=""sitewidget-hd""><${htmlTarget}>${component.componentTitle!?html}</${htmlTarget}></div>
		<div  class=""sitewidget-bd"">
			[@table_select showType=""1""  serviceName=""phoenixFrontemdVideoService"" videoId=""${videoId!''}""]
                [#if table_data??]
                <div class=""video_detail"">
                      <div class=""video_detail_paly"">
                        <input type=""hidden"" name=""flag"" value=""${table_data.showFlag}""> 
                        <input type=""hidden"" name=""videoId"" value=""${videoId!''}""> 
                        [#if table_data.showFlag=='0']
                            <div class=""video_detail_palying showFlag0"">
                                [@s.m ""FLKpUAfANfAg_thisVideoIsDown"" /]
                            </div>
                        [#else]
                            [#if table_data.contents??]
                                [#list table_data.contents as cate]
                                <div class=""video_detail_palying"">
                                    [#if cate.videoId?? && cate.videoId == '']
                                        <iframe class=""iframe_detail_palying_src"" src='${table_data.thirdPartyLink!''}' frameborder=""0"" scrolling=""no"" height=""500px"" width=""100%""></iframe>
                                    [#else]
                                        <video id=""video_detail_play_${cate_index}"" poster=""${cate.photoUrl}"" class=""video_detail_palying_src video-js"" style=""max-width:100%;display:block;margin:0 auto"" controls="""" name=""media"" src=""""></video>
                                    [/#if]
                                </div>
                                <h1 class=""video_detail_name"">${cate.name!''}</h1>
                                <div class=""video_detail_desc"">${cate.desc!''}</div>
                                <div class=""video_detail_desc"">${cate.id!''}</div>
                                [/#list]
                            [/#if]
                        [/#if]
                        </div>
                </div>
                [#else]
                    [@web_backend]
            			[@s.m ""FLKpUAfANfAg_component_cont_txt_video_detail1"" /]
                    [/@web_backend]
                [/#if]

            	[#-- 视频详情结构化数据 --]
            	<script type=""application/ld+json"">${JSONLD!''}</script>
            	[@web_frontend]
                    [@web_javascript collect=""true"" pm_script=""${component.widgetClass!}"" jumpTo=""${settingId!}""]
                        (function(window,$,undefined){
                            $(function(){
                                if('${table_data.contents[0].videoId!''}' == ''){
                                    $('#'+'component_${settingId!''}').find("".iframe_detail_palying_src"").css('max-width','960px')
                                    $('#'+'component_${settingId!''}').find("".iframe_detail_palying_src"").css('max-height','540px')
                                    $('#'+'component_${settingId!''}').find("".iframe_detail_palying_src"").css('min-height','400px')
                                    $('#'+'component_${settingId!''}').find("".iframe_detail_palying_src"").css('width','100%')
                                    return false;
                                }else{
                                    <!-- console.log(""${table_data.contents[0].videoId!''}"",'loacalVideoSrc') -->
                                    <!-- phoenixSite.videoDetail.videoUrl('${table_data.contents[0].videoId!''}','upload'); -->
                                    <!-- console.log('loacalVideoSrccccccccccc') -->

                                    $('#'+'component_${settingId!''}').find("".iframe_detail_palying_src"").hide()
                                    var url = ' /phoenix/admin/video/url?photoId=' + '${table_data.contents[0].videoId!''}';
                                    $.ajax({
                                        url: url,
                                        type: 'get',
                                        success: function(xhr) {
                                            var data = JSON.parse(xhr);
                                            $('#'+'component_${settingId!''}').find("".video_detail_palying_src"").each(function(i) {
                                                
                                                if (data.video_url) {
                                                    // 如果当前为微信环境，并且后端返回值
                                                    if(is_weixin() == true && data.mp4Url){
                                                        data.video_url = data.mp4Url;
                                                    }
                                                    var httpU1 = data.video_url.substring(0, 2);
                                                    var httpU2 = data.video_url.substring(0, 4);
                                                    var httpU3 = data.video_url.substring(0, 5);
                                                    if (httpU1 == '//' || 'http' == httpU2 || 'https' == httpU3) {
                                                        
                                                        $(this).attr('src', data.video_url);
                                                        
                                                    } else {
                                                        $(this).attr('src', '//' + data.video_url);
                                                    }
                                                    var video_type = 'video/mp4';
                                                    if(data.video_url.indexOf('mediaType=m3u8') > -1){
                                                        video_type = 'application/x-mpegURL';
                                                    }
                                                    if (videojs != undefined) {
                                                        videojs('#video_detail_play_'+i,{
                                                            muted:true,
                                                            autoplay:false,
                                                            sources:[{
                                                                src:data.video_url,
                                                                type:video_type
                                                            }]
                                                        })
                                                    }
                                                }
                                            });

                                            // 判断当前是否为微信
                                            function is_weixin(){
                                                var ua = navigator.userAgent.toLowerCase();
                                                if(ua.match(/MicroMessenger/i) == ""micromessenger"") {
                                                    return true
                                                }else{
                                                    return false
                                                }
                                            }
                                        }
                                    });
                                    return false;
                                }
                                
                            });
                        })(window,jQuery)
                    [/@web_javascript]
            	[/@web_frontend]
			[/@table_select]
            
		</div>
	</div>
	[#-- 后台组件包裹框注册.script节点一定要在组件div内--]
	[@web_backend]
		[@web_javascript auto_delete='false']
			(function(window,jQuery,undefined){
				// 组件包裹框注册
				$(function(){
					$_phoenix.pagefunc.component_management.setup('${settingId!''}',{title: '[@phoenix_directive_i18n code=""component_alias_name_${component.videoDetail!}"" txt=""${component.componentName!}""/]'});
				});
			})(window,jQuery)
		[/@web_javascript]
	[/@web_backend]
</div>
[#include ""/phoenix/lab/component_labjs_include.html"" /]
[/@phoenix_component]","-1","20251112093656","3001","2018-09-11 16:37:01","183491","demo-guoxiaotian","2025-11-11 10:33:20","10311554","陈蓉琪","-1","0"
"304124","1","view_default.html","[@phoenix_component settingId=""${settingId!''}"" relationCommonId=""${relationCommonId!''}""]
[@web_depand_component_sourceMap uuid=""${component.componentAlias!}${settingId!}"" settingId=""${settingId!}"" componentAlias=""${component.componentAlias!''}"" /]

<div class=""backstage-stwidgets-settingwrap"" scope=""${scope}"" settingId=""${settingId!''}"" id=""component_${settingId!''}"" relationCommonId=""${relationCommonId!''}"" classAttr=""${component.widgetClass}"">
	<div class=""sitewidget-videocategory category-default-simple ${component.widgetClass}"">
		[#if !phoenix_method_isFresh(component.componentAlias!,settingId!,component.componentUpdateVersion!)]
			[#include ""style.html"" /]
		[/#if]
		[#if component.componentTitle??]
			[#if component.cateShowStyle?? && component.cateShowStyle == '1']
				<div class=""sitewidget-hd-VyUApfKVgCuj sitewidget-hd""  style=""display: flex;align-items: center;justify-content: space-between;"">
					<h2>${component.componentTitle!?html}</h2>
					<span class=""click""><svg class=""block-icongengduo"" width=""16"" height=""16"" viewBox=""0 0 12 12"" fill=""none"" xmlns=""http://www.w3.org/2000/svg""><rect width=""12"" height=""12"" fill=""white""/><path d=""M3.66102 11C3.47299 11 3.34764 10.9373 3.22228 10.812C2.97157 10.5613 3.03425 10.1852 3.28496 9.93448L7.29633 6.29917C7.42169 6.17382 7.48436 6.04846 7.48436 5.92311C7.48436 5.79775 7.42169 5.6724 7.29633 5.54704L3.22228 2.09977C2.97157 1.84906 2.90889 1.47299 3.1596 1.22228C3.41031 0.971569 3.78638 0.908892 4.03709 1.1596L8.04846 4.60688C8.42453 4.92026 8.67524 5.42169 8.67524 5.92311C8.67524 6.42453 8.48721 6.86327 8.11114 7.23934L4.09977 10.8746C3.97441 10.9373 3.78638 11 3.66102 11V11Z"" fill=""#666666"" fill-opacity=""0.5""/></svg></span>
				</div>
			[#else]
				<div class=""sitewidget-hd-VyUApfKVgCuj sitewidget-hd"" >
					[#-- ==组件标题块==   如果没有componentTitle参数，请删除这段 [#if] --]
					<h2>
						<strong>${component.componentTitle!?html}</strong>
					</h2>
				</div>
			[/#if]
		[/#if]
		<div class=""sitewidget-bd"">
			[@web_backend]
			<a class=""hide"" href=""javascript:;"">&nbsp;</a>
			[/@web_backend]
			[@table_select showType=""2"" selectCateIds=""${component.videoCate_ids!''}"" serviceName=""phoenixFrontemdVideoService"" selectVideoCateType=""${component.selectVideoCateType!'0'}"" videoGroupId=""${videoGroupId!''}""]
			[#assign cateStyle=""with-submenu""]
			[#assign firstUlStyle=""slight-submenu-wrap""]
			[#assign cateUlId=""""]
			[#assign cateStyle=""submenu-default-simple""]

			<ul id=""${cateUlId}"" class=""${cateStyle} ${firstUlStyle} 33333"">
				<!-- 风格展示  -->
				[#if component.cateShowStyle?? && component.cateShowStyle == '7'] 
					[#include ""cateShowStyle7.html""]
				[/#if]
				[#if component.cateShowStyle?? && component.cateShowStyle == '11'] 
					[#include ""cateShowStyle11.html""]
					[#include ""style11.css""]
				[/#if]
				[#if component.cateShowStyle?? && component.cateShowStyle == '14']
					[#include ""cateShowStyle14.html""]
				[/#if]
				[#if component.cateShowStyle?? && component.cateShowStyle == '1']
					[#include ""cateShowStyle1.html""]
				[/#if]
				<!-- 风格展示  -->
			</ul>
			[/@table_select]
		</div>
	</div>
	
	<span class=""t-radius""></span>
	<span class=""b-radius""></span>
		[@web_javascript collect=""true"" pm_script=""${component.widgetClass!}"" jumpTo=""${settingId!}""]
			$(function(){
				[#--//目录导航折叠效果--]
				function videocategoryThumbToggle(_obj){
					$(_obj + "" .sitewidget-hd"").unbind(""click"").bind(""click"", function(){
						if ($(_obj + "" .sitewidget-bd"").css(""display"") == ""none"" || $(_obj + "" .sitewidget-bd"").hasClass(""displayed"")) {
							if ($(_obj + "" .sitewidget-bd"").is("":hidden"")) {
								$(this).find("".sitewidget-thumb"").removeClass(""todown"").addClass(""toup"");
							}
							else {
								$(this).find("".sitewidget-thumb"").removeClass(""toup"").addClass(""todown"");
							}
							$(_obj + "" .sitewidget-bd"").slideToggle().toggleClass(""displayed"");
							// $(this).find("".sitewidget-thumb"").toggleClass(""closed"");
						}
					});
				}
				
			    videocategoryThumbToggle("".${component.widgetClass}"");
				[#if component.videoCatebtnOpenStyle??]
				$("".${component.widgetClass} .artLi.on"").parents("".artLi"").each(function(){
					$(this).addClass(""on"");
				})
				[/#if]
			})
		[/@web_javascript]
	[#--设置菜单展开效果--]
		[@web_javascript collect=""true"" pm_script=""${component.widgetClass!}"" jumpTo=""${settingId!}""]
			(function(window, $, undefined){
				$(function(){
					[#if !component.cateShowStyle?? || component.cateShowStyle == '7' || component.cateShowStyle == '11' || component.cateShowStyle == '14' || component.cateShowStyle == '1']
						$('.${component.widgetClass} .with-submenu,.${component.widgetClass} .submenu-default-gray').slightSubmenu({buttonActivateEvents: 'click click',submenuOpeneTime:400});
						$('.${component.widgetClass} .submenu-default-simple').slightSubmenu({buttonActivateEvents: 'click click',submenuOpeneTime:10});
						[#if component.videoCatebtnOpenStyle?? && component.videoCatebtnOpenStyle != ""0""] 
							[#--设置菜单展开效果--]
							[#if component.videoCatebtnOpenStyle == ""1""]
								var showList = $('.${component.widgetClass} .submenu-default-simple').find("">.li-with-ul"");
							[#elseif component.videoCatebtnOpenStyle == ""2""]
								var showList = $('.${component.widgetClass} .sitewidget-bd > .submenu-default-simple').find("">.li-with-ul"");
							[/#if]
							showList.addClass(""submenuUlShow"").find("">.slight-submenu-button"").addClass(""opened"");
							showList.find("">ul"").show();
						[/#if]
					[/#if]
				});
				[#--点击链接后展开二级组--]
				$(function() {
					var subListOn = $("".${component.widgetClass} .slight-submenu-wrap ul .on"");
					if(subListOn.length){
						subListOn.parent().show();
						subListOn.parent().siblings("".slight-submenu-button"").addClass(""opened"");
					}
				});
			})(window, jQuery);
		[/@web_javascript]
		[#--设置菜单展开效果--]
		[#include ""/phoenix/lab/component_labjs_include.html"" /]
[#-- 后台组件包裹框注册.script节点一定要在组件div内--]
[@web_backend]
	[@web_javascript]
		(function(window,jQuery,undefined){
			// 组件包裹框注册
			$(function(){
				$_phoenix.pagefunc.component_management.setup('${settingId!''}',{title: '[@phoenix_directive_i18n code=""component_alias_name_${component.componentAlias!}"" txt=""${component.componentName!}""/]'});
			});
		})(window,jQuery)
	[/@web_javascript]
[/@web_backend]
</div>
[/@phoenix_component]","-1","20251127204621","11254","2020-05-14 16:38:04","429524","易永杰","2023-08-11 15:03:18","10280744","胡永乐","-1","0"
"304204","1","view_default.html","[@phoenix_component settingId=""${settingId!''}"" relationCommonId=""${relationCommonId!''}""]
[@web_depand_component_sourceMap uuid=""${component.componentAlias!}${settingId!}"" componentAlias=""${component.componentAlias!''}""  /]
<div class=""backstage-stwidgets-settingwrap"" scope=""${scope}"" settingId=""${settingId!''}"" id=""component_${settingId!''}"" relationCommonId=""${relationCommonId!''}"" classAttr=""${component.widgetClass}"">
	<div class=""sitewidget-relative-video ${component.widgetClass}"">
		[#assign fontMap = {
			'1': 'h1',
			'2': 'h2',
			'3': 'h3',
			'4': 'h4',
			'5': 'h5',
			'6': 'h6',
			'7': 'p'
		} /]
		[#assign htmlTarget = fontMap[component.titleHx!'']! 'h2' /]
		[#if component.componentTitle??]
			<div class=""sitewidget-hd"">
				<${htmlTarget}>${component.componentTitle!?html}</${htmlTarget}>
			</div>
		[/#if]
		<div class=""sitewidget-bd"">
			[@web_backend]
    		        <p class=""pl10"">请进入“内容”》“视频管理”》“添加视频”，进相关视频的添加，添加好的相关视频会自动展示出来。</p>
    		    [/@web_backend]
				[@web_frontend]
			[@table_select serviceName=""phoenixFrontemdVideoService"" relationVideoId=""${videoId!''}"" showType=""0"" selectVideoCateType=""3"" pageSize=""${component.pageSize!'10'}""]
    		[#if table_data?? && table_data?size != 0]
    		    [#if component.relatedVideoStyle?? && component.relatedVideoStyle == '0']
    		        [#include ""related_video_style_0.html"" /]
    		    [#elseif component.relatedVideoStyle?? && component.relatedVideoStyle == '1']
    		        [#include ""related_video_style_1.html"" /]
    		    [#elseif component.relatedVideoStyle?? && component.relatedVideoStyle == '2']
    		        [#include ""related_video_style_2.html"" /]
    		    [#else]
    		        [#include ""related_video_style_3.html"" /]
    		    [/#if]
    		[#else]
    		        <p class=""ml10"">
    		            [@s.m ""phoenix_article_empty""/]
    		        </p>
    		[/#if]
			[/@table_select]
			 [/@web_frontend]
		</div>
	</div>
</div>
[#-- 后台组件包裹框注册.script节点一定要在组件div内--]
[@web_backend]
	[@web_javascript auto_delete='false']
		(function(window,jQuery,undefined){
			// 组件包裹框注册
			$(function(){
				$_phoenix.pagefunc.component_management.setup('${settingId!''}',{title: '[@phoenix_directive_i18n code=""component_alias_name_${component.componentAlias!}"" txt=""${component.componentName!}""/]'});
			});
		})(window,jQuery)
	[/@web_javascript]
[/@web_backend]
[#include ""/phoenix/lab/component_labjs_include.html"" /]
[/@phoenix_component]","-1","20251127204710","29834","2024-04-07 17:39:08","11903902","李梦婷","2025-08-07 10:08:45","10311554","陈蓉琪","-1","0"